-- MySQL dump 10.19  Distrib 10.3.34-MariaDB, for debian-linux-gnu (x86_64)
--
-- Host: localhost    Database: dump
-- ------------------------------------------------------
-- Server version	10.3.34-MariaDB-0ubuntu0.20.04.1

/*!40101 SET @OLD_CHARACTER_SET_CLIENT=@@CHARACTER_SET_CLIENT */;
/*!40101 SET @OLD_CHARACTER_SET_RESULTS=@@CHARACTER_SET_RESULTS */;
/*!40101 SET @OLD_COLLATION_CONNECTION=@@COLLATION_CONNECTION */;
/*!40101 SET NAMES utf8mb4 */;
/*!40103 SET @OLD_TIME_ZONE=@@TIME_ZONE */;
/*!40103 SET TIME_ZONE='+00:00' */;
/*!40014 SET @OLD_UNIQUE_CHECKS=@@UNIQUE_CHECKS, UNIQUE_CHECKS=0 */;
/*!40014 SET @OLD_FOREIGN_KEY_CHECKS=@@FOREIGN_KEY_CHECKS, FOREIGN_KEY_CHECKS=0 */;
/*!40101 SET @OLD_SQL_MODE=@@SQL_MODE, SQL_MODE='NO_AUTO_VALUE_ON_ZERO' */;
/*!40111 SET @OLD_SQL_NOTES=@@SQL_NOTES, SQL_NOTES=0 */;

CREATE SCHEMA `daero`;
USE `daero`;

--
-- Table structure for table `admin`
--

DROP TABLE IF EXISTS `admin`;
/*!40101 SET @saved_cs_client     = @@character_set_client */;
/*!40101 SET character_set_client = utf8 */;
CREATE TABLE `admin` (
  `admin_seq` int(11) NOT NULL AUTO_INCREMENT,
  `admin_name` varchar(50) CHARACTER SET utf8 DEFAULT NULL,
  `created_at` varchar(30) CHARACTER SET utf8 NOT NULL,
  `code` varchar(20) COLLATE utf8mb4_unicode_ci NOT NULL,
  PRIMARY KEY (`admin_seq`),
  UNIQUE KEY `admin_code_uindex` (`code`),
  UNIQUE KEY `admin_name` (`admin_name`)
) ENGINE=InnoDB AUTO_INCREMENT=2 DEFAULT CHARSET=utf8mb4 COLLATE=utf8mb4_unicode_ci;
/*!40101 SET character_set_client = @saved_cs_client */;

--
-- Dumping data for table `admin`
--

LOCK TABLES `admin` WRITE;
/*!40000 ALTER TABLE `admin` DISABLE KEYS */;
INSERT INTO `admin` VALUES (1,'admin','2022-08-01','adminadmin');
/*!40000 ALTER TABLE `admin` ENABLE KEYS */;
UNLOCK TABLES;

--
-- Table structure for table `article_tags`
--

DROP TABLE IF EXISTS `article_tags`;
/*!40101 SET @saved_cs_client     = @@character_set_client */;
/*!40101 SET character_set_client = utf8 */;
CREATE TABLE `article_tags` (
  `article_tags_seq` int(11) NOT NULL AUTO_INCREMENT,
  `articles_seq` int(11) NOT NULL,
  `place_tag_seq` tinyint(4) NOT NULL,
  PRIMARY KEY (`article_tags_seq`),
  KEY `article_tags_ibfk_1` (`articles_seq`),
  CONSTRAINT `article_tags_ibfk_1` FOREIGN KEY (`articles_seq`) REFERENCES `articles` (`articles_seq`) ON DELETE CASCADE ON UPDATE CASCADE
) ENGINE=InnoDB DEFAULT CHARSET=utf8mb4 COLLATE=utf8mb4_unicode_ci;
/*!40101 SET character_set_client = @saved_cs_client */;

--
-- Dumping data for table `article_tags`
--

LOCK TABLES `article_tags` WRITE;
/*!40000 ALTER TABLE `article_tags` DISABLE KEYS */;
/*!40000 ALTER TABLE `article_tags` ENABLE KEYS */;
UNLOCK TABLES;

--
-- Table structure for table `articles`
--

DROP TABLE IF EXISTS `articles`;
/*!40101 SET @saved_cs_client     = @@character_set_client */;
/*!40101 SET character_set_client = utf8 */;
CREATE TABLE `articles` (
  `articles_seq` int(11) NOT NULL AUTO_INCREMENT,
  `title` varchar(20) CHARACTER SET utf8 NOT NULL,
  `trips_seq` int(11) NOT NULL,
  `created_at` varchar(30) CHARACTER SET utf8 NOT NULL,
  `updated_at` varchar(30) CHARACTER SET utf8 NOT NULL,
  `like_count` int(11) DEFAULT 0,
  `reply_count` int(11) DEFAULT 0,
  `open_yn` varchar(1) COLLATE utf8mb4_unicode_ci DEFAULT 'n',
  `thumbnail_url` text COLLATE utf8mb4_unicode_ci NOT NULL,
  PRIMARY KEY (`articles_seq`),
  KEY `trips_seq` (`trips_seq`),
  CONSTRAINT `articles_ibfk_1` FOREIGN KEY (`trips_seq`) REFERENCES `trips` (`trips_seq`)
) ENGINE=InnoDB AUTO_INCREMENT=33 DEFAULT CHARSET=utf8mb4 COLLATE=utf8mb4_unicode_ci;
/*!40101 SET character_set_client = @saved_cs_client */;

--
-- Dumping data for table `articles`
--

LOCK TABLES `articles` WRITE;
/*!40000 ALTER TABLE `articles` DISABLE KEYS */;
INSERT INTO `articles` VALUES (2,'서울 여행',2,'2022-08-11','2022-08-11',0,0,'y','https://i7d110.p.ssafy.io/api/image/download/temp_file_20220811_233944.jpg'),(3,'성당 나들이',3,'2022-08-11','2022-08-11',0,0,'y','https://i7d110.p.ssafy.io/api/image/download/temp_file_20220811_234834.jpg'),(4,'경복궁 여행',4,'2022-08-11','2022-08-11',0,0,'y','https://i7d110.p.ssafy.io/api/image/download/temp_file_20220811_235138.jpg'),(5,'제주도 여행',5,'2022-08-11','2022-08-11',0,0,'y','https://i7d110.p.ssafy.io/api/image/download/temp_file_20220811_235300.jpg'),(6,'서울 근교 여행',6,'2022-08-11','2022-08-11',0,0,'y','https://i7d110.p.ssafy.io/api/image/download/temp_file_20220811_235359.jpg'),(7,'롯데월드 타워 방문기',7,'2022-08-11','2022-08-11',0,0,'y','https://i7d110.p.ssafy.io/api/image/download/temp_file_20220811_235539.jpg'),(8,'동막 바다',8,'2022-08-11','2022-08-11',0,0,'y','https://i7d110.p.ssafy.io/api/image/download/temp_file_20220811_235644.jpg'),(10,'무량사 여행',10,'2022-08-12','2022-08-12',0,0,'y','https://i7d110.p.ssafy.io/api/image/download/temp_file_20220812_000012.jpg'),(11,'남산타워 방문',11,'2022-08-12','2022-08-12',0,0,'y','https://i7d110.p.ssafy.io/api/image/download/temp_file_20220812_000100.jpg'),(12,'덕수궁 방문',12,'2022-08-12','2022-08-12',0,0,'y','https://i7d110.p.ssafy.io/api/image/download/temp_file_20220812_000500.jpg'),(13,'서산 여행기',13,'2022-08-12','2022-08-12',0,0,'y','https://i7d110.p.ssafy.io/api/image/download/temp_file_20220812_000558.jpg'),(14,'별마당 도서관',14,'2022-08-12','2022-08-12',0,0,'y','https://i7d110.p.ssafy.io/api/image/download/temp_file_20220812_001201.jpg'),(27,'김포여행',27,'2022-08-13','2022-08-13',0,0,'y','https://i7d110.p.ssafy.io/api/image/download/temp_file_20220813_001920.jpg'),(28,'검성지 여행',28,'2022-08-15','2022-08-18 02:29:20',0,0,'y','https://i7d110.p.ssafy.io/api/image/download/temp_file_20220815_180043.jpg');
/*!40000 ALTER TABLE `articles` ENABLE KEYS */;
UNLOCK TABLES;

--
-- Table structure for table `blocks`
--

DROP TABLE IF EXISTS `blocks`;
/*!40101 SET @saved_cs_client     = @@character_set_client */;
/*!40101 SET character_set_client = utf8 */;
CREATE TABLE `blocks` (
  `blocks_seq` int(11) NOT NULL AUTO_INCREMENT,
  `blocker_users_seq` int(11) NOT NULL,
  `blocked_users_seq` int(11) NOT NULL,
  PRIMARY KEY (`blocks_seq`),
  KEY `blocked_users_seq` (`blocked_users_seq`),
  KEY `blocker_users_seq` (`blocker_users_seq`),
  CONSTRAINT `blocks_ibfk_1` FOREIGN KEY (`blocked_users_seq`) REFERENCES `users` (`users_seq`),
  CONSTRAINT `blocks_ibfk_2` FOREIGN KEY (`blocker_users_seq`) REFERENCES `users` (`users_seq`)
) ENGINE=InnoDB AUTO_INCREMENT=76 DEFAULT CHARSET=utf8mb4 COLLATE=utf8mb4_unicode_ci;
/*!40101 SET character_set_client = @saved_cs_client */;

--
-- Dumping data for table `blocks`
--

LOCK TABLES `blocks` WRITE;
/*!40000 ALTER TABLE `blocks` DISABLE KEYS */;
/*!40000 ALTER TABLE `blocks` ENABLE KEYS */;
UNLOCK TABLES;

--
-- Table structure for table `email_verification_keys`
--

DROP TABLE IF EXISTS `email_verification_keys`;
/*!40101 SET @saved_cs_client     = @@character_set_client */;
/*!40101 SET character_set_client = utf8 */;
CREATE TABLE `email_verification_keys` (
  `email_verification_seq` int(11) NOT NULL AUTO_INCREMENT,
  `user_seq` int(11) NOT NULL,
  `verification_key` varchar(512) CHARACTER SET utf8 NOT NULL,
  `expiration` datetime DEFAULT (current_timestamp() + interval 30 minute),
  `expired_yn` varchar(1) COLLATE utf8mb4_unicode_ci DEFAULT 'n',
  PRIMARY KEY (`email_verification_seq`),
  KEY `user_seq` (`user_seq`),
  CONSTRAINT `email_verification_keys_ibfk_1` FOREIGN KEY (`user_seq`) REFERENCES `users` (`users_seq`)
) ENGINE=InnoDB AUTO_INCREMENT=56 DEFAULT CHARSET=utf8mb4 COLLATE=utf8mb4_unicode_ci;
/*!40101 SET character_set_client = @saved_cs_client */;

--
-- Dumping data for table `email_verification_keys`
--

LOCK TABLES `email_verification_keys` WRITE;
/*!40000 ALTER TABLE `email_verification_keys` DISABLE KEYS */;
/*!40000 ALTER TABLE `email_verification_keys` ENABLE KEYS */;
UNLOCK TABLES;

--
-- Table structure for table `faq`
--

DROP TABLE IF EXISTS `faq`;
/*!40101 SET @saved_cs_client     = @@character_set_client */;
/*!40101 SET character_set_client = utf8 */;
CREATE TABLE `faq` (
  `faq_seq` int(11) NOT NULL AUTO_INCREMENT,
  `admin_seq` int(11) NOT NULL,
  `title` varchar(30) CHARACTER SET utf8 NOT NULL,
  `content` text COLLATE utf8mb4_unicode_ci NOT NULL,
  `created_at` varchar(30) CHARACTER SET utf8 NOT NULL,
  `updated_at` varchar(30) CHARACTER SET utf8 NOT NULL,
  PRIMARY KEY (`faq_seq`),
  KEY `admin_seq` (`admin_seq`),
  CONSTRAINT `faq_ibfk_1` FOREIGN KEY (`admin_seq`) REFERENCES `admin` (`admin_seq`)
) ENGINE=InnoDB AUTO_INCREMENT=16 DEFAULT CHARSET=utf8mb4 COLLATE=utf8mb4_unicode_ci;
/*!40101 SET character_set_client = @saved_cs_client */;

--
-- Dumping data for table `faq`
--

LOCK TABLES `faq` WRITE;
/*!40000 ALTER TABLE `faq` DISABLE KEYS */;
INSERT INTO `faq` VALUES (1,1,'faq 1 title','faq 1 content','2022-08-01','2022-08-01'),(2,1,'2','2c','2022-08-01','2022-08-01'),(3,1,'3','3c','2022-08-01','2022-08-01'),(4,1,'4','4c','2022-08-01','2022-08-01'),(5,1,'5','5c','2022-08-01','2022-08-01'),(6,1,'6','6c','2022-08-01','2022-08-01'),(7,1,'7','7c','2022-08-01','2022-08-01'),(8,1,'8','8c','2022-08-01','2022-08-01'),(9,1,'9','9c','2022-08-01','2022-08-01'),(10,1,'10','10c','2022-08-01','2022-08-01'),(11,1,'11','11c','2022-08-01','2022-08-01'),(12,1,'12','12c','2022-08-01','2022-08-01'),(13,1,'faq title insert','faq content insert','2022-08-04 05:21:15','2022-08-04 05:21:15'),(15,1,'faq title insert','faq content insert','2022-08-04 12:15:55','2022-08-04 12:15:55');
/*!40000 ALTER TABLE `faq` ENABLE KEYS */;
UNLOCK TABLES;

--
-- Table structure for table `follows`
--

DROP TABLE IF EXISTS `follows`;
/*!40101 SET @saved_cs_client     = @@character_set_client */;
/*!40101 SET character_set_client = utf8 */;
CREATE TABLE `follows` (
  `follows_seq` int(11) NOT NULL AUTO_INCREMENT,
  `following_users_seq` int(11) NOT NULL,
  `follower_users_seq` int(11) NOT NULL,
  PRIMARY KEY (`follows_seq`),
  KEY `following_users_seq` (`following_users_seq`),
  KEY `follower_users_seq` (`follower_users_seq`),
  CONSTRAINT `follows_ibfk_1` FOREIGN KEY (`following_users_seq`) REFERENCES `users` (`users_seq`),
  CONSTRAINT `follows_ibfk_2` FOREIGN KEY (`follower_users_seq`) REFERENCES `users` (`users_seq`)
) ENGINE=InnoDB AUTO_INCREMENT=49 DEFAULT CHARSET=utf8mb4 COLLATE=utf8mb4_unicode_ci;
/*!40101 SET character_set_client = @saved_cs_client */;

--
-- Dumping data for table `follows`
--

LOCK TABLES `follows` WRITE;
/*!40000 ALTER TABLE `follows` DISABLE KEYS */;
INSERT INTO `follows` VALUES (1,3,5),(34,1,5),(35,2,5),(44,5,2),(47,2,4);
/*!40000 ALTER TABLE `follows` ENABLE KEYS */;
UNLOCK TABLES;

--
-- Table structure for table `hide`
--

DROP TABLE IF EXISTS `hide`;
/*!40101 SET @saved_cs_client     = @@character_set_client */;
/*!40101 SET character_set_client = utf8 */;
CREATE TABLE `hide` (
  `hide_seq` int(11) NOT NULL AUTO_INCREMENT,
  `article_seq` int(11) DEFAULT NULL,
  `user_seq` int(11) DEFAULT NULL,
  PRIMARY KEY (`hide_seq`),
  KEY `hide_ibfk_1` (`article_seq`),
  KEY `hide_ibfk_2` (`user_seq`),
  CONSTRAINT `hide_ibfk_1` FOREIGN KEY (`article_seq`) REFERENCES `articles` (`articles_seq`) ON DELETE CASCADE ON UPDATE CASCADE,
  CONSTRAINT `hide_ibfk_2` FOREIGN KEY (`user_seq`) REFERENCES `users` (`users_seq`) ON DELETE CASCADE ON UPDATE CASCADE
) ENGINE=InnoDB AUTO_INCREMENT=3 DEFAULT CHARSET=utf8mb4 COLLATE=utf8mb4_unicode_ci;
/*!40101 SET character_set_client = @saved_cs_client */;

--
-- Dumping data for table `hide`
--

LOCK TABLES `hide` WRITE;
/*!40000 ALTER TABLE `hide` DISABLE KEYS */;
/*!40000 ALTER TABLE `hide` ENABLE KEYS */;
UNLOCK TABLES;

--
-- Table structure for table `inquires`
--

DROP TABLE IF EXISTS `inquires`;
/*!40101 SET @saved_cs_client     = @@character_set_client */;
/*!40101 SET character_set_client = utf8 */;
CREATE TABLE `inquires` (
  `inquires_seq` int(11) NOT NULL AUTO_INCREMENT,
  `users_seq` int(11) NOT NULL,
  `admin_seq` int(11) DEFAULT NULL,
  `title` varchar(30) CHARACTER SET utf8 NOT NULL,
  `content` varchar(100) CHARACTER SET utf8 NOT NULL,
  `created_at` varchar(30) CHARACTER SET utf8 NOT NULL,
  `answer_yn` varchar(1) COLLATE utf8mb4_unicode_ci DEFAULT 'n',
  `answer` text COLLATE utf8mb4_unicode_ci DEFAULT NULL,
  `answer_at` varchar(30) CHARACTER SET utf8 DEFAULT NULL,
  PRIMARY KEY (`inquires_seq`),
  KEY `users_seq` (`users_seq`),
  KEY `admin_seq` (`admin_seq`),
  CONSTRAINT `inquires_ibfk_1` FOREIGN KEY (`users_seq`) REFERENCES `users` (`users_seq`),
  CONSTRAINT `inquires_ibfk_2` FOREIGN KEY (`admin_seq`) REFERENCES `admin` (`admin_seq`)
) ENGINE=InnoDB AUTO_INCREMENT=7 DEFAULT CHARSET=utf8mb4 COLLATE=utf8mb4_unicode_ci;
/*!40101 SET character_set_client = @saved_cs_client */;

--
-- Dumping data for table `inquires`
--

LOCK TABLES `inquires` WRITE;
/*!40000 ALTER TABLE `inquires` DISABLE KEYS */;
INSERT INTO `inquires` VALUES (1,3,1,'문의 title','문의 content','2022-08-03','y','답변','2022-08-04 12:14:55'),(2,3,NULL,'inquiry title insert','inquiry content insert','2022-08-05 05:10:15','n',NULL,NULL),(3,3,NULL,'이것은 문의입니다.','문의하기 싫습니당','2022-08-08 00:51:19','n',NULL,NULL),(4,3,NULL,'2번 문의입니다.','2번이라구요','2022-08-08 01:02:55','n',NULL,NULL);
/*!40000 ALTER TABLE `inquires` ENABLE KEYS */;
UNLOCK TABLES;

--
-- Table structure for table `likes`
--

DROP TABLE IF EXISTS `likes`;
/*!40101 SET @saved_cs_client     = @@character_set_client */;
/*!40101 SET character_set_client = utf8 */;
CREATE TABLE `likes` (
  `likes_seq` int(11) NOT NULL AUTO_INCREMENT,
  `users_seq` int(11) NOT NULL,
  `articles_seq` int(11) NOT NULL,
  `liked_at` varchar(30) CHARACTER SET utf8 NOT NULL,
  PRIMARY KEY (`likes_seq`),
  KEY `users_seq` (`users_seq`),
  KEY `likes_ibfk_2` (`articles_seq`),
  CONSTRAINT `likes_ibfk_1` FOREIGN KEY (`users_seq`) REFERENCES `users` (`users_seq`),
  CONSTRAINT `likes_ibfk_2` FOREIGN KEY (`articles_seq`) REFERENCES `articles` (`articles_seq`) ON DELETE CASCADE ON UPDATE CASCADE
) ENGINE=InnoDB AUTO_INCREMENT=126 DEFAULT CHARSET=utf8mb4 COLLATE=utf8mb4_unicode_ci;
/*!40101 SET character_set_client = @saved_cs_client */;

--
-- Dumping data for table `likes`
--

LOCK TABLES `likes` WRITE;
/*!40000 ALTER TABLE `likes` DISABLE KEYS */;
INSERT INTO `likes` VALUES (79,1,7,'2022-08-11 15:01:31'),(80,1,2,'2022-08-11 15:02:53'),(85,5,2,'2022-08-12 08:20:07'),(89,2,28,'2022-08-15 14:21:54'),(90,5,6,'2022-08-17 02:54:42'),(125,2,2,'2022-08-18 05:25:28');
/*!40000 ALTER TABLE `likes` ENABLE KEYS */;
UNLOCK TABLES;

--
-- Table structure for table `notice`
--

DROP TABLE IF EXISTS `notice`;
/*!40101 SET @saved_cs_client     = @@character_set_client */;
/*!40101 SET character_set_client = utf8 */;
CREATE TABLE `notice` (
  `notice_seq` int(11) NOT NULL AUTO_INCREMENT,
  `admin_seq` int(11) NOT NULL,
  `title` varchar(50) CHARACTER SET utf8 NOT NULL,
  `content` text CHARACTER SET utf8 NOT NULL,
  `created_at` varchar(30) CHARACTER SET utf8 NOT NULL,
  `updated_at` varchar(30) CHARACTER SET utf8 NOT NULL,
  PRIMARY KEY (`notice_seq`),
  KEY `admin_seq` (`admin_seq`),
  CONSTRAINT `notice_ibfk_1` FOREIGN KEY (`admin_seq`) REFERENCES `admin` (`admin_seq`)
) ENGINE=InnoDB AUTO_INCREMENT=15 DEFAULT CHARSET=utf8mb4 COLLATE=utf8mb4_unicode_ci;
/*!40101 SET character_set_client = @saved_cs_client */;

--
-- Dumping data for table `notice`
--

LOCK TABLES `notice` WRITE;
/*!40000 ALTER TABLE `notice` DISABLE KEYS */;
INSERT INTO `notice` VALUES (1,1,'DaeRo v1.0 출시','많은 이용 부탁드립니다.','2022-08-01','2022-08-01'),(2,1,'서버 작업 예정','안녕하세요,DaeRo입니다.\n서버 작업이 8/4일 예정되어 있습니다.\n이용에 참고 부탁드립니다.','2022-08-01','2022-08-01'),(3,1,'v1.1 업데이트','1.1 버전 업데이트가 완료되었습니다.\n- 이미지 로딩 속도 개선\n- 검색 기능 개선\n- 버그 수정','2022-08-01','2022-08-01');
/*!40000 ALTER TABLE `notice` ENABLE KEYS */;
UNLOCK TABLES;

--
-- Table structure for table `password_reset_keys`
--

DROP TABLE IF EXISTS `password_reset_keys`;
/*!40101 SET @saved_cs_client     = @@character_set_client */;
/*!40101 SET character_set_client = utf8 */;
CREATE TABLE `password_reset_keys` (
  `password_reset_seq` int(11) NOT NULL AUTO_INCREMENT,
  `user_seq` int(11) NOT NULL,
  `reset_key` varchar(512) CHARACTER SET utf8 NOT NULL,
  `expiration` datetime DEFAULT (current_timestamp() + interval 30 minute),
  `expired_yn` varchar(1) COLLATE utf8mb4_unicode_ci DEFAULT 'n',
  PRIMARY KEY (`password_reset_seq`),
  KEY `user_seq` (`user_seq`),
  CONSTRAINT `password_reset_keys_ibfk_1` FOREIGN KEY (`user_seq`) REFERENCES `users` (`users_seq`)
) ENGINE=InnoDB AUTO_INCREMENT=7 DEFAULT CHARSET=utf8mb4 COLLATE=utf8mb4_unicode_ci;
/*!40101 SET character_set_client = @saved_cs_client */;

--
-- Dumping data for table `password_reset_keys`
--

LOCK TABLES `password_reset_keys` WRITE;
/*!40000 ALTER TABLE `password_reset_keys` DISABLE KEYS */;
/*!40000 ALTER TABLE `password_reset_keys` ENABLE KEYS */;
UNLOCK TABLES;

--
-- Table structure for table `place_tags`
--

DROP TABLE IF EXISTS `place_tags`;
/*!40101 SET @saved_cs_client     = @@character_set_client */;
/*!40101 SET character_set_client = utf8 */;
CREATE TABLE `place_tags` (
  `place_tag_seq` tinyint(4) NOT NULL AUTO_INCREMENT,
  `tag` varchar(15) CHARACTER SET utf8 NOT NULL,
  PRIMARY KEY (`place_tag_seq`),
  UNIQUE KEY `tag` (`tag`)
) ENGINE=InnoDB AUTO_INCREMENT=15 DEFAULT CHARSET=utf8mb4 COLLATE=utf8mb4_unicode_ci;
/*!40101 SET character_set_client = @saved_cs_client */;

--
-- Dumping data for table `place_tags`
--

LOCK TABLES `place_tags` WRITE;
/*!40000 ALTER TABLE `place_tags` DISABLE KEYS */;
INSERT INTO `place_tags` VALUES (3,'강'),(10,'거리'),(6,'공원'),(14,'교회'),(9,'먹거리'),(1,'바다'),(11,'박물관'),(12,'불교'),(2,'산'),(13,'성당'),(4,'수목원'),(5,'역사'),(7,'전망대'),(8,'체험');
/*!40000 ALTER TABLE `place_tags` ENABLE KEYS */;
UNLOCK TABLES;

--
-- Table structure for table `preference_places`
--

DROP TABLE IF EXISTS `preference_places`;
/*!40101 SET @saved_cs_client     = @@character_set_client */;
/*!40101 SET character_set_client = utf8 */;
CREATE TABLE `preference_places` (
  `place_seq` int(11) NOT NULL,
  KEY `place_seq` (`place_seq`),
  CONSTRAINT `preference_places_ibfk_1` FOREIGN KEY (`place_seq`) REFERENCES `trip_places` (`trip_places_seq`) ON DELETE CASCADE ON UPDATE CASCADE
) ENGINE=InnoDB DEFAULT CHARSET=utf8mb4 COLLATE=utf8mb4_unicode_ci;
/*!40101 SET character_set_client = @saved_cs_client */;

--
-- Dumping data for table `preference_places`
--

LOCK TABLES `preference_places` WRITE;
/*!40000 ALTER TABLE `preference_places` DISABLE KEYS */;
INSERT INTO `preference_places` VALUES (5),(15),(35),(36),(50),(63),(70),(95),(114),(126),(140),(153),(157),(162),(176),(178),(197),(204),(217),(236);
/*!40000 ALTER TABLE `preference_places` ENABLE KEYS */;
UNLOCK TABLES;

--
-- Table structure for table `region_tags`
--

DROP TABLE IF EXISTS `region_tags`;
/*!40101 SET @saved_cs_client     = @@character_set_client */;
/*!40101 SET character_set_client = utf8 */;
CREATE TABLE `region_tags` (
  `region_seq` tinyint(4) NOT NULL AUTO_INCREMENT,
  `region_name` varchar(20) CHARACTER SET utf8 DEFAULT NULL,
  PRIMARY KEY (`region_seq`),
  UNIQUE KEY `region_name` (`region_name`),
  UNIQUE KEY `region_name_2` (`region_name`)
) ENGINE=InnoDB AUTO_INCREMENT=11 DEFAULT CHARSET=utf8mb4 COLLATE=utf8mb4_unicode_ci;
/*!40101 SET character_set_client = @saved_cs_client */;

--
-- Dumping data for table `region_tags`
--

LOCK TABLES `region_tags` WRITE;
/*!40000 ALTER TABLE `region_tags` DISABLE KEYS */;
INSERT INTO `region_tags` VALUES (3,'busan'),(8,'chungbuk'),(4,'daegu'),(7,'daejeon'),(9,'gangwon'),(5,'gwangju'),(2,'incheon'),(10,'jeju'),(6,'jeonbuk'),(1,'seoul');
/*!40000 ALTER TABLE `region_tags` ENABLE KEYS */;
UNLOCK TABLES;

--
-- Table structure for table `replies`
--

DROP TABLE IF EXISTS `replies`;
/*!40101 SET @saved_cs_client     = @@character_set_client */;
/*!40101 SET character_set_client = utf8 */;
CREATE TABLE `replies` (
  `replies_seq` int(11) NOT NULL AUTO_INCREMENT,
  `articles_seq` int(11) NOT NULL,
  `users_seq` int(11) NOT NULL,
  `content` varchar(50) CHARACTER SET utf8 NOT NULL,
  `created_at` varchar(30) CHARACTER SET utf8 NOT NULL,
  `updated_at` varchar(30) CHARACTER SET utf8 NOT NULL,
  `rereply_count` int(11) DEFAULT 0,
  `rereply_parent` int(11) DEFAULT NULL,
  PRIMARY KEY (`replies_seq`),
  KEY `users_seq` (`users_seq`),
  KEY `replies_ibfk_1` (`articles_seq`),
  CONSTRAINT `replies_ibfk_1` FOREIGN KEY (`articles_seq`) REFERENCES `articles` (`articles_seq`) ON DELETE CASCADE ON UPDATE CASCADE,
  CONSTRAINT `replies_ibfk_2` FOREIGN KEY (`users_seq`) REFERENCES `users` (`users_seq`)
) ENGINE=InnoDB AUTO_INCREMENT=27 DEFAULT CHARSET=utf8mb4 COLLATE=utf8mb4_unicode_ci;
/*!40101 SET character_set_client = @saved_cs_client */;

--
-- Dumping data for table `replies`
--

LOCK TABLES `replies` WRITE;
/*!40000 ALTER TABLE `replies` DISABLE KEYS */;
INSERT INTO `replies` VALUES (3,2,2,'굳굳','2022-08-11 14:57:24','2022-08-11 14:57:24',0,NULL),(4,2,2,'좋아요','2022-08-11 14:57:27','2022-08-11 14:57:27',0,NULL),(5,2,2,'굉정히','2022-08-11 14:57:30','2022-08-11 14:57:30',0,NULL),(6,2,2,'이뻐요','2022-08-11 14:57:32','2022-08-11 14:57:32',0,NULL),(7,2,2,'굳굳','2022-08-11 14:57:34','2022-08-11 14:57:46',0,NULL),(8,2,2,'굳굳','2022-08-11 14:57:39','2022-08-11 14:57:39',0,7),(9,2,2,'굳굳','2022-08-11 14:57:46','2022-08-11 14:57:46',0,7),(10,7,1,'입장료 할인 안되나요?','2022-08-11 15:01:44','2022-08-11 15:01:44',0,NULL),(11,2,1,'오~','2022-08-11 15:02:58','2022-08-11 15:02:58',0,NULL),(12,2,1,'이쯘데요?','2022-08-11 15:03:03','2022-08-11 15:03:03',0,NULL),(13,2,1,'이쁜대요?','2022-08-11 15:03:08','2022-08-11 15:03:08',0,NULL),(14,2,1,'괜찮네','2022-08-11 15:03:13','2022-08-11 15:03:13',0,NULL),(15,2,1,'위치 공유 부탁','2022-08-11 15:03:24','2022-08-11 15:03:24',0,NULL),(16,2,1,'답글 달아볼게요','2022-08-11 15:03:31','2022-08-11 15:03:31',0,7),(17,13,9,'안녕하세요','2022-08-12 03:48:00','2022-08-12 03:48:00',0,NULL),(18,13,9,'대답해주세요','2022-08-12 03:49:02','2022-08-12 03:49:02',0,17),(19,2,9,'저랑도 팔로우해요~','2022-08-12 03:53:50','2022-08-12 03:53:50',0,7),(20,13,2,'good','2022-08-12 04:15:12','2022-08-12 04:15:12',0,NULL),(21,11,2,'굳','2022-08-12 04:18:37','2022-08-12 04:18:37',0,NULL);
/*!40000 ALTER TABLE `replies` ENABLE KEYS */;
UNLOCK TABLES;

--
-- Table structure for table `report_categories`
--

DROP TABLE IF EXISTS `report_categories`;
/*!40101 SET @saved_cs_client     = @@character_set_client */;
/*!40101 SET character_set_client = utf8 */;
CREATE TABLE `report_categories` (
  `report_categories_seq` int(11) NOT NULL AUTO_INCREMENT,
  `name` varchar(30) CHARACTER SET utf8 DEFAULT NULL,
  PRIMARY KEY (`report_categories_seq`),
  UNIQUE KEY `name` (`name`)
) ENGINE=InnoDB AUTO_INCREMENT=13 DEFAULT CHARSET=utf8mb4 COLLATE=utf8mb4_unicode_ci;
/*!40101 SET character_set_client = @saved_cs_client */;

--
-- Dumping data for table `report_categories`
--

LOCK TABLES `report_categories` WRITE;
/*!40000 ALTER TABLE `report_categories` DISABLE KEYS */;
INSERT INTO `report_categories` VALUES (12,'거짓 정보'),(2,'나체 이미지 또는 성적 행위'),(5,'따돌림이나 괴롭힘'),(6,'부적절한 언어 사용'),(7,'불법 또는 규제 상품 판매'),(11,'사기 또는 거짓'),(10,'섭식 장애'),(1,'스팸 또는 광고'),(9,'자살 또는 자해'),(8,'지적 재산권 침해'),(4,'폭력 또는 위험한 조직'),(3,'혐오 발언 또는 암시');
/*!40000 ALTER TABLE `report_categories` ENABLE KEYS */;
UNLOCK TABLES;

--
-- Table structure for table `reports`
--

DROP TABLE IF EXISTS `reports`;
/*!40101 SET @saved_cs_client     = @@character_set_client */;
/*!40101 SET character_set_client = utf8 */;
CREATE TABLE `reports` (
  `reports_seq` int(11) NOT NULL AUTO_INCREMENT,
  `reporter_users_seq` int(11) NOT NULL,
  `reported_users_seq` int(11) NOT NULL,
  `reported_at` varchar(30) CHARACTER SET utf8 NOT NULL,
  `content_seq` int(11) NOT NULL,
  `report_categories_seq` int(11) NOT NULL,
  `handled_yn` varchar(1) COLLATE utf8mb4_unicode_ci DEFAULT 'n',
  `article_type` varchar(50) CHARACTER SET utf8 NOT NULL,
  PRIMARY KEY (`reports_seq`),
  KEY `reporter_users_seq` (`reporter_users_seq`),
  KEY `reported_users_seq` (`reported_users_seq`),
  CONSTRAINT `reports_ibfk_1` FOREIGN KEY (`reporter_users_seq`) REFERENCES `users` (`users_seq`),
  CONSTRAINT `reports_ibfk_2` FOREIGN KEY (`reported_users_seq`) REFERENCES `users` (`users_seq`)
) ENGINE=InnoDB AUTO_INCREMENT=27 DEFAULT CHARSET=utf8mb4 COLLATE=utf8mb4_unicode_ci;
/*!40101 SET character_set_client = @saved_cs_client */;

--
-- Dumping data for table `reports`
--

LOCK TABLES `reports` WRITE;
/*!40000 ALTER TABLE `reports` DISABLE KEYS */;
INSERT INTO `reports` VALUES (3,3,8,'2022-08-09 08:56:31',2,10,'y','article'),(4,3,3,'2022-08-10 06:16:16',3,1,'n','user'),(6,3,3,'2022-08-10 15:47:58',6,6,'n','reply'),(8,3,8,'2022-08-10 16:06:03',16,6,'n','reply'),(9,3,8,'2022-08-10 16:17:26',8,6,'n','user'),(11,8,3,'2022-08-10 16:46:24',3,6,'n','user'),(12,8,3,'2022-08-10 16:46:53',9,6,'n','article'),(13,8,3,'2022-08-10 16:47:14',11,8,'n','article'),(14,8,3,'2022-08-10 16:48:52',10,6,'n','article'),(15,8,3,'2022-08-10 16:50:33',7,3,'n','article'),(16,8,3,'2022-08-10 16:57:45',6,6,'n','article'),(19,61,8,'2022-08-10 17:14:33',3,6,'n','article'),(20,9,2,'2022-08-11 15:34:20',6,6,'n','article'),(21,9,2,'2022-08-11 15:36:05',8,8,'n','article'),(22,9,1,'2022-08-11 15:37:51',12,6,'n','article'),(23,9,5,'2022-08-11 16:14:23',13,6,'n','article'),(24,9,2,'2022-08-12 03:31:56',17,6,'n','article'),(25,9,2,'2022-08-12 03:37:58',24,6,'n','article'),(26,9,2,'2022-08-12 03:38:11',2,6,'n','user');
/*!40000 ALTER TABLE `reports` ENABLE KEYS */;
UNLOCK TABLES;

--
-- Temporary table structure for view `tag_region_place`
--

DROP TABLE IF EXISTS `tag_region_place`;
/*!50001 DROP VIEW IF EXISTS `tag_region_place`*/;
SET @saved_cs_client     = @@character_set_client;
SET character_set_client = utf8;
/*!50001 CREATE TABLE `tag_region_place` (
  `trip_places_seq` tinyint NOT NULL,
  `place_name` tinyint NOT NULL,
  `place_tag_seq` tinyint NOT NULL,
  `region_seq` tinyint NOT NULL
) ENGINE=MyISAM */;
SET character_set_client = @saved_cs_client;

--
-- Table structure for table `tag_trip_places`
--

DROP TABLE IF EXISTS `tag_trip_places`;
/*!40101 SET @saved_cs_client     = @@character_set_client */;
/*!40101 SET character_set_client = utf8 */;
CREATE TABLE `tag_trip_places` (
  `tag_trip_places_seq` int(11) NOT NULL AUTO_INCREMENT,
  `trip_places_seq` int(11) NOT NULL,
  `place_tag_seq` tinyint(4) NOT NULL,
  PRIMARY KEY (`tag_trip_places_seq`),
  KEY `place_tag_seq` (`place_tag_seq`),
  KEY `tag_trip_places_ibfk_2` (`trip_places_seq`),
  CONSTRAINT `tag_trip_places_ibfk_1` FOREIGN KEY (`place_tag_seq`) REFERENCES `place_tags` (`place_tag_seq`),
  CONSTRAINT `tag_trip_places_ibfk_2` FOREIGN KEY (`trip_places_seq`) REFERENCES `trip_places` (`trip_places_seq`) ON DELETE CASCADE ON UPDATE CASCADE
) ENGINE=InnoDB AUTO_INCREMENT=608 DEFAULT CHARSET=utf8mb4 COLLATE=utf8mb4_unicode_ci;
/*!40101 SET character_set_client = @saved_cs_client */;

--
-- Dumping data for table `tag_trip_places`
--

LOCK TABLES `tag_trip_places` WRITE;
/*!40000 ALTER TABLE `tag_trip_places` DISABLE KEYS */;
INSERT INTO `tag_trip_places` VALUES (1,1,6),(2,1,8),(3,2,8),(4,2,9),(5,3,7),(6,3,8),(7,4,5),(8,4,6),(9,4,8),(10,4,11),(11,5,5),(12,5,6),(13,5,8),(14,5,11),(15,6,8),(16,6,11),(17,7,7),(18,7,9),(19,8,6),(20,8,7),(21,8,10),(22,9,5),(23,9,8),(24,9,9),(25,9,10),(26,10,5),(27,10,8),(28,10,9),(29,10,10),(30,11,8),(31,11,9),(32,12,3),(33,12,6),(34,12,9),(35,13,5),(36,13,6),(37,13,8),(38,14,8),(39,14,9),(40,14,10),(41,15,3),(42,15,6),(43,15,9),(44,16,8),(45,17,3),(46,17,8),(47,17,10),(48,18,8),(49,18,9),(50,18,10),(51,19,6),(52,19,7),(53,19,8),(54,19,9),(55,20,5),(56,20,8),(57,20,9),(58,20,10),(59,21,3),(60,21,6),(61,21,7),(62,21,8),(63,21,9),(64,22,4),(65,22,6),(66,22,8),(67,23,5),(68,23,9),(69,23,10),(70,24,5),(71,24,13),(72,25,3),(73,25,9),(74,25,10),(75,26,6),(76,26,8),(77,26,9),(78,27,6),(79,27,8),(80,28,3),(81,28,4),(82,28,5),(83,28,6),(84,28,7),(85,28,8),(86,29,3),(87,29,4),(88,29,6),(89,29,8),(90,29,10),(91,30,3),(92,30,4),(93,30,6),(94,30,8),(95,31,5),(96,31,8),(97,31,10),(98,32,6),(99,32,8),(100,32,9),(101,33,1),(102,33,8),(103,33,9),(104,33,10),(105,34,2),(106,34,5),(107,34,7),(108,34,12),(109,35,5),(110,35,8),(111,35,11),(112,36,1),(113,36,5),(114,36,6),(115,36,7),(116,36,8),(117,36,9),(118,37,1),(119,37,8),(120,37,9),(121,38,3),(122,38,6),(123,38,9),(124,38,10),(125,39,1),(126,39,8),(127,39,9),(128,40,1),(129,40,7),(130,40,8),(131,40,9),(132,41,2),(133,41,4),(134,41,6),(135,41,11),(136,42,3),(137,42,5),(138,42,7),(139,42,12),(140,43,3),(141,43,4),(142,43,5),(143,43,6),(144,43,11),(145,44,1),(146,44,7),(147,45,2),(148,45,8),(149,45,10),(150,46,4),(151,46,6),(152,46,8),(153,46,10),(154,47,1),(155,47,6),(156,47,10),(157,48,1),(158,48,5),(159,49,1),(160,49,7),(161,50,2),(162,50,5),(163,50,12),(164,51,8),(165,51,10),(166,52,3),(167,52,6),(168,52,7),(169,52,11),(170,53,2),(171,53,12),(172,54,6),(173,54,11),(174,54,7),(175,54,14),(176,55,2),(177,55,6),(178,55,12),(179,56,5),(180,56,12),(181,57,2),(182,57,3),(183,57,5),(184,57,12),(185,58,6),(186,58,3),(187,58,5),(188,59,2),(189,59,3),(190,59,12),(191,60,5),(192,60,8),(193,61,1),(194,61,6),(195,61,7),(196,62,1),(197,62,8),(198,63,1),(199,63,7),(200,63,10),(201,64,1),(202,64,8),(203,65,1),(204,65,8),(205,66,5),(206,66,6),(207,66,8),(208,67,2),(209,67,3),(210,67,6),(211,67,8),(212,68,2),(213,68,5),(214,69,3),(215,69,11),(216,70,2),(217,70,3),(218,70,5),(219,70,6),(220,70,8),(221,70,10),(222,71,2),(223,71,6),(224,71,8),(225,71,10),(226,72,5),(227,72,12),(228,73,2),(229,73,5),(230,73,12),(231,74,5),(232,74,12),(233,75,5),(234,76,2),(235,76,3),(236,76,6),(237,77,2),(238,77,7),(239,78,2),(240,78,5),(241,78,7),(242,79,2),(243,79,7),(244,80,2),(245,80,5),(246,81,2),(247,81,5),(248,81,12),(249,82,2),(250,82,3),(251,82,5),(252,83,2),(253,83,3),(254,83,5),(255,84,2),(256,84,6),(257,84,12),(258,85,5),(259,85,6),(260,86,2),(261,86,5),(262,86,12),(263,87,2),(264,87,5),(265,88,2),(266,88,5),(267,88,12),(268,89,3),(269,89,6),(270,89,8),(271,90,6),(272,91,2),(273,91,7),(274,92,6),(275,92,10),(276,93,3),(277,93,6),(278,93,8),(279,93,10),(280,94,10),(281,95,13),(282,96,2),(283,96,6),(284,96,8),(285,97,2),(286,97,7),(287,98,5),(288,98,10),(289,99,10),(290,100,4),(291,100,8),(292,101,10),(293,102,5),(294,102,14),(295,103,8),(296,103,10),(297,104,3),(298,104,4),(299,104,6),(300,105,10),(301,106,2),(302,106,7),(303,107,8),(304,107,9),(305,108,8),(306,108,9),(307,108,10),(308,109,8),(309,109,9),(310,110,8),(311,110,9),(312,111,8),(313,111,9),(314,111,10),(315,112,9),(316,112,10),(317,113,6),(318,113,8),(319,113,9),(320,114,8),(321,114,10),(322,115,8),(323,115,10),(324,116,1),(325,116,6),(326,116,10),(327,117,3),(328,118,11),(329,119,11),(330,120,11),(331,121,11),(332,122,10),(333,123,6),(334,124,1),(335,124,8),(336,125,9),(337,125,10),(338,126,1),(339,126,8),(340,126,7),(341,127,11),(342,128,4),(343,129,1),(344,129,2),(345,129,8),(346,129,10),(347,129,9),(348,130,3),(349,130,4),(350,130,6),(351,130,8),(352,131,2),(353,131,6),(354,131,3),(355,132,5),(356,132,6),(357,132,8),(358,132,10),(359,133,5),(360,133,10),(361,133,11),(362,134,5),(363,134,11),(364,135,10),(365,135,11),(366,136,5),(367,136,12),(368,137,10),(369,138,10),(370,139,5),(371,139,7),(372,139,11),(373,140,10),(374,140,8),(375,141,10),(376,142,6),(377,142,7),(378,143,6),(379,144,12),(380,145,11),(381,146,11),(382,147,1),(383,148,5),(384,148,8),(385,148,10),(386,149,4),(387,150,11),(388,150,9),(389,151,10),(390,152,10),(391,152,9),(392,152,8),(393,153,8),(394,153,10),(395,153,9),(396,154,8),(397,155,8),(398,156,11),(399,156,8),(400,157,4),(401,157,6),(402,158,6),(403,158,8),(404,158,11),(405,159,3),(406,159,6),(407,160,2),(408,160,6),(409,160,7),(410,161,2),(411,161,12),(412,161,7),(413,162,5),(414,162,7),(415,162,12),(416,163,1),(417,163,9),(418,163,10),(419,164,13),(420,164,6),(421,165,1),(422,165,12),(423,165,8),(424,166,1),(425,167,1),(426,167,9),(427,167,7),(428,168,5),(429,168,10),(430,168,8),(431,169,5),(432,169,6),(433,170,2),(434,170,4),(435,170,6),(436,170,9),(437,170,3),(438,171,1),(439,171,2),(440,172,5),(441,172,12),(442,173,5),(443,173,6),(444,173,13),(445,174,5),(446,174,8),(447,175,2),(448,175,3),(449,175,5),(450,176,2),(451,176,8),(452,176,11),(453,176,5),(454,176,7),(455,176,6),(456,176,3),(457,177,2),(458,177,12),(459,178,2),(460,178,7),(461,178,8),(462,178,3),(463,179,8),(464,180,8),(465,180,5),(466,180,11),(467,181,2),(468,181,12),(469,181,5),(470,181,8),(471,182,3),(472,182,6),(473,182,11),(474,182,7),(475,183,2),(476,183,4),(477,183,8),(478,184,2),(479,184,3),(480,184,5),(481,184,6),(482,184,12),(483,184,7),(484,185,3),(485,185,6),(486,186,2),(487,186,7),(488,186,3),(489,187,2),(490,187,3),(491,187,5),(492,187,7),(493,188,2),(494,188,3),(495,188,7),(496,189,2),(497,189,3),(498,189,7),(499,190,2),(500,190,3),(501,190,6),(502,191,2),(503,191,6),(504,191,7),(505,191,8),(506,192,2),(507,192,5),(508,192,6),(509,193,10),(510,193,9),(511,193,7),(512,194,2),(513,194,3),(514,194,7),(515,195,3),(516,195,6),(517,195,7),(518,195,5),(519,196,1),(520,196,6),(521,196,9),(522,197,3),(523,197,5),(524,198,1),(525,198,7),(526,199,2),(527,200,7),(528,201,2),(529,201,6),(530,201,7),(531,202,1),(532,202,9),(533,203,5),(534,203,12),(535,204,2),(536,204,8),(537,205,7),(538,205,8),(539,206,3),(540,206,6),(541,206,8),(542,207,2),(543,207,7),(544,208,2),(545,208,3),(546,208,12),(547,209,2),(548,209,5),(549,209,12),(550,210,5),(551,210,11),(552,211,2),(553,211,6),(554,212,5),(555,213,2),(556,213,6),(557,214,5),(558,214,12),(559,215,1),(560,215,9),(561,215,10),(562,216,2),(563,216,5),(564,216,12),(565,217,2),(566,217,3),(567,217,7),(568,218,2),(569,218,7),(570,219,1),(571,219,7),(572,220,1),(573,220,6),(574,220,7),(575,221,1),(576,221,7),(577,222,5),(578,222,8),(579,223,2),(580,223,6),(581,224,2),(582,225,1),(583,225,7),(584,226,3),(585,226,7),(586,227,3),(587,227,7),(588,228,2),(589,228,7),(590,228,10),(591,229,1),(592,229,7),(593,230,5),(594,231,4),(595,231,8),(596,232,1),(597,232,7),(598,232,9),(599,233,8),(600,234,8),(601,235,1),(602,235,7),(603,236,6),(604,236,14),(605,237,3),(606,237,6),(607,238,9);
/*!40000 ALTER TABLE `tag_trip_places` ENABLE KEYS */;
UNLOCK TABLES;

--
-- Table structure for table `trip_days`
--

DROP TABLE IF EXISTS `trip_days`;
/*!40101 SET @saved_cs_client     = @@character_set_client */;
/*!40101 SET character_set_client = utf8 */;
CREATE TABLE `trip_days` (
  `trip_days_seq` int(11) NOT NULL AUTO_INCREMENT,
  `trip` int(11) NOT NULL,
  `date` varchar(30) CHARACTER SET utf8 NOT NULL,
  `day_comment` tinytext COLLATE utf8mb4_unicode_ci DEFAULT NULL,
  PRIMARY KEY (`trip_days_seq`),
  KEY `trip` (`trip`),
  CONSTRAINT `trip_days_ibfk_1` FOREIGN KEY (`trip`) REFERENCES `trips` (`trips_seq`)
) ENGINE=InnoDB AUTO_INCREMENT=37 DEFAULT CHARSET=utf8mb4 COLLATE=utf8mb4_unicode_ci;
/*!40101 SET character_set_client = @saved_cs_client */;

--
-- Dumping data for table `trip_days`
--

LOCK TABLES `trip_days` WRITE;
/*!40000 ALTER TABLE `trip_days` DISABLE KEYS */;
INSERT INTO `trip_days` VALUES (1,1,'2022-08-11','34'),(2,2,'2022-07-31','1일차는 박물관'),(3,2,'2022-08-08','2일차는 백화점'),(4,2,'2022-08-11','마지막널은 공원과 도서관'),(5,3,'2022-08-11','성당'),(6,4,'2022-08-11','진촤 이뻐요'),(7,5,'2022-08-11','바다'),(8,6,'2022-08-11','두물머리'),(9,7,'2022-08-11','롯데월드 타워 전망대'),(10,8,'2022-08-11','동막'),(11,9,'2022-08-11','굳'),(12,10,'2022-08-11','굳'),(13,11,'2022-08-12','남산타워~'),(14,12,'2022-08-12','덕수궁'),(15,13,'2022-08-12','서산'),(16,14,'2022-08-12','엘'),(17,15,'2022-08-12','df'),(18,16,'2022-07-31',''),(19,16,'2022-08-08',''),(20,16,'2022-08-12',''),(21,17,'2022-08-11','굳'),(22,18,'2022-08-11','굳'),(23,19,'2022-08-11','굳'),(24,20,'2022-08-11','굳'),(25,21,'2022-08-11','굳'),(26,22,'2022-08-11','굳'),(27,23,'2022-08-11','굳'),(28,24,'2022-08-11','굳'),(29,25,'2022-08-11','굳'),(30,26,'2022-08-11','굳'),(31,27,'2022-08-13','김포 컴백'),(32,28,'2022-08-15','1일차!!'),(35,31,'2022-08-18','좋아요'),(36,32,'2022-08-18','막있가');
/*!40000 ALTER TABLE `trip_days` ENABLE KEYS */;
UNLOCK TABLES;

--
-- Table structure for table `trip_places`
--

DROP TABLE IF EXISTS `trip_places`;
/*!40101 SET @saved_cs_client     = @@character_set_client */;
/*!40101 SET character_set_client = utf8 */;
CREATE TABLE `trip_places` (
  `trip_places_seq` int(11) NOT NULL AUTO_INCREMENT,
  `place_name` varchar(20) CHARACTER SET utf8 NOT NULL,
  `address` varchar(100) CHARACTER SET utf8 NOT NULL,
  `latitude` double NOT NULL,
  `longitude` double NOT NULL,
  `description` text COLLATE utf8mb4_unicode_ci DEFAULT NULL,
  `region_seq` tinyint(4) NOT NULL,
  `image_url` text COLLATE utf8mb4_unicode_ci DEFAULT NULL,
  PRIMARY KEY (`trip_places_seq`),
  KEY `region_seq` (`region_seq`),
  CONSTRAINT `trip_places_ibfk_1` FOREIGN KEY (`region_seq`) REFERENCES `region_tags` (`region_seq`)
) ENGINE=InnoDB AUTO_INCREMENT=239 DEFAULT CHARSET=utf8mb4 COLLATE=utf8mb4_unicode_ci;
/*!40101 SET character_set_client = @saved_cs_client */;

--
-- Dumping data for table `trip_places`
--

LOCK TABLES `trip_places` WRITE;
/*!40000 ALTER TABLE `trip_places` DISABLE KEYS */;
INSERT INTO `trip_places` VALUES (1,'롯데월드','서울특별시 송파구 올림픽로 240',37.5112601,127.097998,'롯데그룹이 국민들의 여가 선용과 외국인 관광객 유치를 위해 설립하고 운영하고 있는 테마파크이다. 롯데월드는 모험과 신비를 주제로 한 실내 주제공원인 롯데월드 어드벤처, 호수공원인 매직아일랜드, 쇼핑몰, 민속박물관, 아이스링크, 호텔, 백화점 등으로 구성되어 관광, 레저, 쇼핑, 문화를 한곳에서 해결할 수 있는 대단위 복합생활공간이다. 롯데월드 어드벤처에서는 최첨단 탑승시설을 비롯하여, 환상적인 퍼레이드, 각종 영상 시스템, 레이져쇼, 공연, 각국의 음식을 연중무휴로 즐길 수 있다. 롯데월드 어드벤처는 세계에서 가장 큰 실내 테마파크이다. 민속박물관에는 한국의 오천년 역사와 민속 문화가 역사전시관, 모형촌, 놀이마당, 저자거리로 나누어져 쉽고 재미있게 재현되어 있다. 롯데월드 가든스테이지는 롯데월드 공연의 중심무대로 각종 시즌 뮤지컬 쇼, 공개방송 등의 다양한 이벤트가 진행된다. 롯데월드 스타에비뉴는 한류스타 조성거리로 체험형 엔터테인먼트 시설이다.',1,'https://upload.wikimedia.org/wikipedia/commons/thumb/3/3e/Khitai7.jpg/1280px-Khitai7.jpg'),(2,'롯데월드 타워','서울특별시 송파구 올림픽로 300',37.513579,127.104765,'한국적 곡선의 미를 지닌 한국 전통의 도자기와 붓의 형상을 모티브로 설계된 롯데월드타워는 총 123층, 555M 높이로 세계 5위의 초고층 빌딩이다. 대지면적은 축구장의 12.2배, 전체 총 면적은 축구장의 110배에 달하는 거대한 수직도시이다. 2016년 12월 마침내 준공되었으며, 특급 호텔 \'시그니엘 서울\'과, 화려한 서울의 야경을 볼 수 있는 전망대인 \'서울스카이\', 최고급 레지던스와 오피스 공간, 복합기능공간 등으로 구성되어있다. 롯데월드몰은 국내 최대의 명품 백화점인 \'에비뉴엘\'과 국내 시내 면세점 중 최대 면적을 자랑하는 \'롯데면세점\', \'롯데 하이마트\', \'쇼핑몰\', \'롯데마트\' 등이 위치해있는 쇼핑 관광의 명소로 다양한 국내외 브랜드를 만날 수 이는 공간이다. 쇼핑공간 외에도 문화·예술공간으로 아시아 최대규모의 멀티플렉스인 \'롯데시네마 월드타워관\', \'롯데월드 아쿠아리움\', 국내 최초 빈야드 스타일의 \'롯데 콘서트홀\'이 있어 쇼핑과 엔터테인먼트를 함께 즐길 수 있는 복합 쇼핑몰이다.',1,'https://unsplash.com/photos/SL_UTSDIY-I/download?ixid=MnwxMjA3fDB8MXxzZWFyY2h8OXx8bG90dGUlMjB3b3JsZHxlbnwwfHx8fDE2NjAwNjI2MDA&force=true&w=1920'),(3,'남산 타워','서울특별시 용산구 남산공원길 105',37.549285,126.988923,'\'남산서울타워\'는 효율적인 방송전파 송수신과 한국의 전통미를 살린 관광 전망시설의 기능을 겸비한 국내 최초의 종합전파탑으로 방송문화와 관광산업의 미래를 위해 건립되었다. 세계 유명한 종합 탑들이 그 나라 또는 그 도시의 상징적인 존재가 된 것 처럼 \'남산서울타워\' 역시 지난 40여 년간 대한민국의 대표적인 관광지이자 서울의 상징물 역할을 해왔다.\n\'남산서울타워\'는 서울 시내 전 지역에서 바라보이는 탑의 높이와 독특한 구조, 형태 등으로 인하여 시민의 관심과 사랑의 대상이 되었고, 내외국인들이 즐겨 찾는 제1의 관광 명소로서의 위치를 확고히 하고 있다. 최근에는 한류 바람을 몰고 온 각종 예능, 드라마의 촬영지로 이름이 높아지면서 내외국인 관광객들이 발길이 끊이지 않는 곳이다.\n놓치지 말 것\n남산서울타워를 오르는 남산케이블카는 1962년 처음 운행했으며, 50년을 넘겨 운행 중이다. 회현동 승강장에서 남산 꼭대기에 있는 예장동 승강장까지 길이 약 600m, 속도는 평균 초속 3.2m, 편도 운행 시간 3분 남짓이다. 명동역에서 남산케이블카 탑승 건물까지 도보로 7~8분 이동하거나, 명동역 1번 출구 또는 서울역 서울스퀘어 버스 정류장에서 셔틀버스로 남산케이블카 주차장까지 이동할 수 있다. 명동역에서 회현사거리까지 직진한 후 왼쪽으로 올라간 다음, 남산오르미(에스컬레이터)로 케이블카 승강장까지 이동 후 남산케이블카로 남산서울타워까지, 소요 시간은 15~20분이다.',1,'https://unsplash.com/photos/h-BxnAy_5WE/download?ixid=MnwxMjA3fDB8MXxzZWFyY2h8MXx8JUVCJTgyJUE4JUVDJTgyJUIwJUVEJTgzJTgwJUVDJTlCJThDfGVufDB8fHx8MTY1OTUzMjg0OQ&force=true&w=1920'),(4,'경복궁','서울특별시 종로구 사직로 161',37.5806736,126.976952,'경복궁은 1395년 태조 이성계에 의해서 새로운 조선왕조의 법궁으로 지어졌다. 경복궁은 동궐(창덕궁)이나 서궐(경희궁)에 비해 위치가 북쪽에 있어 \'북궐\'이라 불리기도 했다. 경복궁은 5대 궁궐 가운데 으뜸의 규모와 건축미를 자랑한다. 경복궁 근정전에서 즉위식을 가진 왕들을 보면 제2대 정종, 제4대 세종, 제6대 단종, 제7대 세조, 제9대 성종, 제11대 중종, 제13대 명종 등이다. 경복궁은 임진왜란 때 상당수의 건물이 불타 없어진 아픔을 갖고 있으며, 고종 때에 흥선대원군의 주도 아래 7,700여칸에 이르는 건물들을 다시 세웠다. 그러나 또 다시 명성황후 시해사건이 일어나면서 왕조의 몰락과 함께 경복궁도 왕궁으로서의 기능을 상실하고 말았다. 경복궁에는 조선시대의 대표적인 건축물인 경회루와 향원정의 연못이 원형대로 남아 있으며, 근정전의 월대와 조각상들은 당시의 조각미술을 대표한다. 현재 흥례문 밖 서편에는 국립고궁 박물관이 위치하고 있고, 경복궁 내 향원정의 동편에는 국립민속 박물관이 위치하고 있다.',1,'https://unsplash.com/photos/V_2UbSfVigw/download?ixid=MnwxMjA3fDB8MXxzZWFyY2h8NHx8JUVBJUIyJUJEJUVCJUIzJUI1JUVBJUI2JTgxfGVufDB8fHx8MTY1OTUzMzQyMA&force=true&w=1920'),(5,'덕수궁','서울특별시 중구 세종대로 99',37.565924,126.97501,'사적 덕수궁은 본디 왕궁이 아니었다. 원래 성종의 형인 월산대군(1454∼1488)의 집이었으나, 1592년 임진왜란 때 왕궁이 모두 불타서 1593년 행궁으로 사용하기 시작하였다. 선조임금은 의주로 피난갔다가 한양으로 환도한 뒤 덕수궁에서 머무른다. 선조의 뒤를 이은 광해군은 1608년 이곳 행궁에서 즉위한 후 1611년 행궁을 경운궁이라 고쳐부르고 7년동안 왕궁으로 사용하다가 1615년에 창덕궁으로 옮기면서 이곳에는 선왕인 선조의 계비인 인목 대비만을 유폐시켰다. 1618년에는 인목대비의 존호를 폐지하고, 경운궁을 서궁이라 낮추어 부르기도 하였다. 1623년 인조반정으로 광해군이 폐위되고 인조가 이곳 즉조당에서 즉의하고 창덕궁으로 옮긴 이후 270년 동안은 별궁으로 사용되었다. 1897년 고종황제가 러시아 공관에 있다가 환궁하면서 이곳을 다시 왕궁으로 사용하게 되었는데, 그때부터 다시 경운궁이라 부르게 되었고 그 규모도 다시 넓혔다. 그리고 고종 황제는 1907년 순종에게 양위한 후, 왕궁을 창덕궁으로 옮긴 후에도 이곳에 거처하였는데, 이때부터 고종 황제의 장수를 비는 뜻에서 덕수궁이라 부르게 되었다. 이런 까닭에 요즘와서는 경운궁이라는 본래의 명칭을 사용해야 한다는 주장도 제기되고 있다.덕수궁에서 지난 날 많은 건물이 있었으나 현재 18,635평의 경내에 남아 있는 것은 대한문,중화전, 광명문, 석어당, 준명당, 즉조당, 함녕전, 덕홍전 및 석조전 등에 불과하다. 덕수궁은 특히 구한말 비운의 황제 고종이 일제의 압박으로 양위를 강요당하고, 한 많은 여생을 보내다가 1919년 1월 22일 덕수궁 함녕전에서 일제에 의해 독살당하여 돌아가신 것으로 알려져 3·1 독립운동의 직접적인 계기가 되었던 곳이다.',1,'https://i7d110.p.ssafy.io/api/image/download/tripplace1.jpg'),(6,'국립중앙박물관','서울특별시 용산구 서빙고로 137',37.5230201,126.982219,'국립중앙박물관은 42만 점의 소장유물을 소장하고 있으며, 고고, 역사, 미술, 기증, 아시아 관련 문화재를 전시하는 상설 전시실과 다양한 전시가 가능하도록 가변성 있게 구성된 기획 전시실, 체험과 참여 학습을 통해 전시를 이해하도록 설계된 어린이 박물관, 박물관 야외정원을 이용하여 석탑 등 다양한 석조유물을 전시한 야외전시실로 이뤄진다. 국립중앙박물관은 국내·외 전시활동 외에도 유물의 수집과 보존, 조사연구, 사회교육활동, 학술자료발간, 국제문화교류활동, 각종 공연 등의 기회를 제공하는 복합문화공간으로서 교육적 측면 뿐 아니라 친환경 녹색공간과 휴게시설 및 양질의 문화 프로그램도 함께 마련되어 있어 남녀노소를 불문하고 언제든 찾아가고 싶은 새로운 도심 속 명소의 역할을 하고 있다. 국립중앙박물관은 정원의 폭포와 아름다운 전경으로도 유명하며, 산책을 즐기기에도 그만이다. 전시관 내에 카페테리아와 휴게공간, 아트숍, 식당가, 편의점 등도 편리하게 이용할 수 있다.',1,'https://upload.wikimedia.org/wikipedia/commons/3/32/Front_view_of_national_museum_of_korea.jpg'),(7,'63빌딩','서울특별시 영등포구 63로 36',37.5193919,126.938602,'63스퀘어는 대한민국 서울특별시 영등포구의 여의도에 있는 마천루이다. 지상 60층, 지하 3층의 규모이며, 지상높이 249미터 (해발 264미터)이다. 연 면적 16만㎡에 이르는 하늘로 솟아오른 공간에 갖가지 명소들을 안고 있어 서울의 상징적인 관광명소로 손꼽힌다. 서울의 젖줄인 한강이 멀리 광나루부터 행주대교까지 한눈에 내려다보이고 남산과 북악산, 관악산을 마주 바라보고 있다. 또, 서울의 강남은 물론 강북 전역이 한 눈에 들어오고, 특히 저녁 시간 서해로 지는 노을과 강 양쪽을 끼고 이어지는 강변로의 차량 불빛은 63스퀘어의 조망 중 절경으로 꼽는다.',1,'https://unsplash.com/photos/FOeV46jg1Jo/download?ixid=MnwxMjA3fDB8MXxzZWFyY2h8Mnx8NjMlRUIlQjklOEMlRUIlOTQlQTl8ZW58MHx8fHwxNjU5NTMzODc3&force=true&w=1920'),(8,'낙산공원','서울특별시 종로구 낙산길 41 (동숭동)',37.5818113,127.006307,'낙산(125m)은 서울의 내사산의 하나로 좌청룡에 해당하는 산이다. 지형이 낙타의 등처럼 생겨 낙타산이라고도 했으며, 일대에 궁중에 우유를 보급하던 왕실 목장이 있어 타락산(駝酪山)이라고도 불렸다. 60년대 이후 시민아파트와 밀집된 주택으로 낙산의 본래의 모습이 사라지게 되었고, 서울시는 낙산복원계획을 수립하였으며 이 계획의 일환으로 공원화 사업이 진행되어 2002년 7월 낙산공원으로 개원하였다. 현재 낙산공원은 서울한양도성과 푸른 숲이 어우러져 아름다운 정취를 느낄 수 있는 시민의 휴식 공간으로 자리매김하였으며, 서울에서 가장 아름다운 야경을 볼 수 있는 곳으로 각광받고 있다',1,'https://upload.wikimedia.org/wikipedia/commons/c/c0/%EB%82%99%EC%82%B0%EA%B3%B5%EC%9B%90.jpg'),(9,'북촌 한옥마을','서울특별시 종로구 계동길 37 (계동)',37.5790534,126.986405,'예로부터 북촌이라 하여 양반 동네로 알려진 이곳 주택은 모두 조선 시대의 기와집으로서 상류층의 구조 형태를 간직하며 지금까지 보존되어 오고 있다. 원래 이 동네에는 솟을대문이 있는 큰 집 몇 채와 30여 호의 한옥밖에 없었으나, 일제 말기와 6.25 수복 직후 지금의 상태로 늘어났다. 북촌한옥마을은 경복궁과 창덕궁, 종묘의 사이에 위치한 지역으로 서울 600년 역사와 함께해온 우리의 전통 거주 지역이다. 거대한 두 궁궐 사이에 밀접하여 전통한옥군이 위치하고 있으며, 수많은 가지 모양의 골목길을 그대로 보존하고 있어 6백 년 역사도시의 풍경을 극적으로 보여주고 있다. 지금은 전통문화체험관이나 한옥음식점 등으로 활용이 되어 간접적으로나마 조선시대의 분위기를 느낄 수 있는 곳이다.\n예로부터 원서동, 재동, 계동, 가회동, 인사동으로 구성된 이 지역은 청계천과 종로의 윗 동네라는 이름에서 \'북촌\'이라는 이름으로 불리었으며, 당시로써는 왕실의 고위관직에 있거나 왕족이 거주하는 고급 주거지구로 유명하였다. 곳곳에 아직까지 남아있는 몇 채의 한옥들은 이때의 명성을 그대로 간직하고 있다. 여러 채의 한옥이 지붕처마를 잇대고 벽과 벽을 이웃과 함께 사용하고 있는 풍경은 우리가 잊고 살았던 따뜻한 정과 살아갈 맛을 느끼게 해준다. 북촌 지역을 걷다보면 이어진 처마선의 아름다운만큼이나 골목길의 정겨움을 느낄 수 있다.북촌한옥마을이 지속가능한 관광지가 될 수 있도록 침묵관광을 하도록 주의를 요한다.',1,'https://upload.wikimedia.org/wikipedia/commons/5/5e/Bukchon_Hanok_Village_View.JPG'),(10,'익선동','서울특별시 종로구 익선동 (익선동)',37.575504,126.990832,'익선동은 골목과 한옥이 어우러져 아름다운 매력을 풍기는 곳으로, 남녀노소 많은 관광객들이 찾는 핫플레이스로 떠오르고 있다. 또한 젊은세대와 어르신 간 세대를 이어주는 장소이기도 하다.\n익선동은 2018년 한옥보전지구 지정 후, 2019년부터 레트로, 뉴트로 열풍과 맞물려 첨단 도시 서울의 기묘한 시간 여행지로 급부상했다. 아담하고 야트막한 한옥 사이로 핏줄처럼 가느다랗고 촘촘히 골목이 이어진 익선동은 단 몇 개의 가게가 화제가 된 것이 아니라, 하나의 여행 상품처럼 구역 전체가 주목받았다. 익선동에서 음식을 먹고 커피를 마시고 서점이나 오락실, 맥줏집에 가고 사진을 찍는 식으로, 소비와 문화 활동이 동시에 이루어지는 공간으로 기능한다.\n놓치지 말 것\n한옥의 대문은 좁아 보일지라도 문을 열고 들어가면 어느 가게든 놀랄 수밖에 없다. 밖에선 짐작하지 못했던 세련되고 고급스러운 인테리어 때문인데, 가게마다 콘셉트가 천차만별이다. 오락실, 맥줏집, 사진관 등은 물론이고 이따금 카페 같은 곳에선 기발한 전시도 연다. 화장품이나 패션 브랜드가 앞다투어 여는 플래그십 스토어를 구경하는 재미도 놓칠 수 없다. 익선동 골목 중 유명한 가게가 대거 모인 구간은 \'수표로28길\'이다.',1,'https://unsplash.com/photos/25__Fm9zqk4/download?ixid=MnwxMjA3fDB8MXxzZWFyY2h8Mnx8JUVDJTlEJUI1JUVDJTg0JUEwJUVCJThGJTk5fGVufDB8fHx8MTY2MDA2MjY2OQ&force=true&w=1920'),(11,'현대 백화점 더 현대 서울','서울특별시 영등포구 여의대로 108 파크원(Parc.1)',37.5260354,126.928279,'글로벌 트렌드 K 콘텐츠의 핵심 서울, 그 중심에 초현대적인 플래그십 스토어 더현대 서울이 있다. 더현대 서울은 미래를 향한 울림이라는 슬로건 아래, 더 행복한 내일을 위한 비전과 새로운 삶의 기준을 제시한다. 혁신적 공간 설계, 세계적 콘텐츠 큐레이션, 그리고 미래형 테크놀로지까지 더현대 서울은 서울 최대 규모의 뉴 글로벌 랜드마크이다. 새로운 소재와의 만남, 면과 선의 균형, 그리고 빛으로 가득 채우는 혁신적인 내부 설계. 더현대 서울에서는 세계적인 인테리어 & 건축 디자인의 흐름을 단숨에 볼 수 있다. 더현대 서울에 들어서는 순간 사운즈 포레스트와 워터폴 가든을 만나게 된다. 미래를 바라보고 설계한 하이테크 건축물에서 만나는 뜻밖의 자연은 놀라울 정도로 아름답다. 약 1000평의 대규모 실내 정원과 천연 잔디. 20여 미터의 높은 유리 천장에서 들어차는 자연 채광은 숲의 울림을 그대로 전하고 있다. 예술은 말하지 않아도 느낄 수 있고, 공감할 수 있는 가장 큰 범주의 언어이다. 180평 규모의 입체적인 전시는 들어서는 순간 압도적으로 영감을 자극한다. 나은 삶의 영감과 문화를 위한 소통이 이곳에서 시작된다. Unite & Shine, STUDIO SWINE 자연에서 온 메시지를 담은 디자인과 이를 즐기고 느끼는 관객으로 완성되는 Studio Swine의 아트워크가 Exclusive Label (1F) 플로어에서 하이엔드 브랜드와 만난다.',1,'https://unsplash.com/photos/Hzlgz8t8Jug/download?ixid=MnwxMjA3fDB8MXxzZWFyY2h8Nnx8dGhlJTIwaHl1bmRhaSUyMHNlb3VsfGVufDB8fHx8MTY1OTUzNDY1OA&force=true&w=1920'),(12,'반포 한강 공원','서울특별시 서초구 신반포로11길 40 한강공원 반포 안내센터',37.5105878,126.996768,'반포한강공원은 반포대교(잠수교)를 중심으로 상류는 한남대교, 하류는 동작대교 사이의 한강변 남단에 위치해 있다. 특히, 한강르네상스 사업으로 조성된 반포한강공원에서 반포대교 다리 양쪽에 설치된 달빛무지개분수는 총길이 1,140m로 2008년에 세계에서 가장 긴 교량분수로 세계기네스협회에 등재되었다. 야간에는 200여개의 조명으로 물을 뿜을 때마다 일곱빛깔 무지개처럼 아름다운 풍경을 연출한다. 또한 물방울놀이터, 인라인 전용트랙, 축구장, 농구장 등의 체육시설과 더불어 동작대교 남단에 설치된 전망대인 노을카페와 구름카페에서 탁 트인 한강수면과 강변 빌딩숲을 감상할 수 있다. 그리고 반포한강공원과 연결된 서래섬(盤浦島)은 도심 속 휴식과 놀이공간을 제공하는 인공섬으로 반포대교와 동작대교 사이에 위치해 있다. 봄이 되면 노란 유채꽃이 만발하여 \'서래섬 나비ㆍ유채꽃 축제\' 로 나들이와 산책을 즐기는 사람들이 많다. 이 외에도 반포한강공원에는 생태학습장, 보트장, 자전거도로, 피크닉장 등 볼거리와 즐길거리가 무궁무진하다.',1,'https://unsplash.com/photos/M-hgI7Cq9bY/download?ixid=MnwxMjA3fDB8MXxzZWFyY2h8MXx8YmFucG8lMjBoYW5nYW5nJTIwcGFya3xlbnwwfHx8fDE2NTk1MzQ3MzM&force=true&w=1920'),(13,'청와대','서울특별시 종로구 청와대로 1 청와대',37.5862507,126.976588,'청와대와 아름다운 산책길의 조화\n한국 정치의 중심인 청와대의 상징은 푸른 청기와다. 청와대에 도착해서 가장 먼저 눈에 띄는 것도 본관의 푸른색 청기와. 북악산(北岳山)을 배경으로 자리잡은 청와대 본관에는 청기와와 곡선의 지붕이 아름답다. 청와대가 한국을 대표하듯 청기와와 지붕의 곡선은 한국의 미를 대표한다.청와대는 중심에 위치한 본관, 영빈관, 춘추관(春秋館), 녹지원(綠地園), 무궁화동산, 칠궁(七宮) 등으로 이루어져 있다. 주목할 것은 각 건물의 모습이 각기 독특하다는 것. 특히 한국을 대표하기 위해 한국 전통양식으로 지어 아름답다. 우선 중심부에 자리잡고 있는 본관은 청기와 지붕으로 아름다운 곳. 청와대를 대표하는 곳으로 푸른 색의 기와와 지붕 곡선이 아름답다. 청와대를 상징하는 청기와는 약 15만장. 한 개씩 구워서 100년 이상 견딜 수 있을 정도로 단단하다. 눈을 오른쪽으로 돌리면 춘추관이 보인다. 춘추관은 토기와로 만든 지붕이 전통적이다.\n반면 본관 왼쪽에는 영빈관이 보인다. 영빈관은 외국 국빈들을 위한 장소로 18개의 돌기둥이 건물을 받치고 있어 웅장하다. 산책하기에 좋은 곳으로는 녹지원과 무궁화 동산. 녹지원은 역대 대통령들의 기념식수가 있는 곳으로 그 중에서도 약 310년 된 소나무가 유명하다. 무궁화 동산은 무궁화꽃을 비롯해 분수대, 봉황상이 있어 관광객들의 기념촬영 장소로 애용된다. 무궁화가 피는 7-10월까지가 특히 아름답다. 외에도 효자동 사랑방은 볼거리가 많은 곳. 대통령이 외국 귀빈으로부터 받은 세계 각국의 선물들이 전시되어 있다. 무료로 관람할 수 있으며 기념품 코너에서는 청와대 기념품도 판매하고 있다. 여기에 빠질 수 없는 관람 코스가 바로 칠궁. 칠궁은 조선시대 7개의 궁으로 전통가옥과 아담한 뜰이 볼만하다.',1,'https://upload.wikimedia.org/wikipedia/commons/f/f1/Korea-Seoul-Blue_House_%28Cheongwadae%29_Reception_Center_0688%269-07_cropped.jpg'),(14,'광장 시장','서울특별시 종로구 창경궁로 88',37.5702697,126.998689,'구한말 국내 정세가 혼미를 거듭하던 중 일본, 중국 등 열강세력의 각축장으로 국운은 풍전등화격이었다. 1905년 고종 42년 을사조약 체결 후 실질적으로 주권행사는 일본이 장악했고 따라서 경제침략 정책을 기도한 바 그 한예로서 남대문시장 경영권 장악하였고 경제적인 돌파구로 새롭게 문을 연 것이 종로의 광장시장이다. 1905년 우리 나라 최초의 상설 시장 이 탄생한 순간이다. 원래 광장시장은 광교(너른 다리)와 장교(긴 다리) 사이를 복개하여 만들려고 했기 때문에 그 다리 이름의 첫머리를 따서 \'너르고 긴\'이라는 뜻의 광장(廣長)시장이라 이름 지었으나 배오개로 터를 옮기며 이전 이름의 한글 발음은 그대로 둔 채 \'널리 모아 간직한다\'는 뜻을 새로 담아 현재의 광장(廣藏)시장이 되었다. 시장개설시 주요 거래 상품으로는 주로 농수산물, 신탄 등인데 가평·뚝섬 이천, 철원 등지에서 우마차로 반입하는 소규모의 단조로운 원시적인 시장 기능일 뿐이었으나 100년이 훌쩍 넘은 현재의 주거래 품목으로는 주단, 포목(한복), 직물(양복,양장지), 여성의류제품, 커텐지, 침구, 수예, 나전칠기, 주방용품, 수입품코너, 청과, 건어물, 제수용품, 생선, 정육, 야채 등으로 상당량 거래 규모를 자랑하는 종합적인 면모를 갖춘 시장이 되었다. 또한 광장시장에서 가장 번화한 곳은 동문과 북2문, 남1문이 만나는 거리에 형성된 먹거리장터이다. 광장시장의 먹거리장터는 갓난쟁이를 업은 주부, 학생, 중장년층, 연세 지긋한 어르신까지 모든 연령을 아우른다. 현재 세계 관광코스로 지정되어 우리나라를 여행하는 많은 외국관광객들의 경유지로 되어 있음을 자랑할 수 있다.',1,'https://upload.wikimedia.org/wikipedia/commons/4/41/Gwangjangmarket_mainentrance.jpg'),(15,'여의도 한강 공원','서울특별시 영등포구 여의동로 330',37.5283615,126.930822,'여의도한강공원은 정치, 금융, 언론의 중심지인 여의도에 자리하고 있으며, 지하철ㆍ버스 등 대중교통으로 접근성이 좋아 직장인과 일반시민들이 즐겨찾는 명소이다. 특히, 여의도 한강공원에서는 봄에는 벚꽃축제가, 가을에는 세계불꽃축제 및 각종 공연과 마라톤행사 등 다양한 행사가 이어져 볼거리와 즐길거리가 풍부한 휴식공간이다. 또한, 밤섬, 여의도 샛강 등이 비교적 자연그대로 보존되어 있어 생태학습장 및 자연친화형 공원으로 조성되어 있다. 뿐만 아니라 한강르네상스 특화사업으로 물빛광장, 수상무대 및 수상분수, 빛의 폭포, 피아노물길, 페스티발랜드, 요트마리나 등의 시설물들이 새로 조성되어 시민들에게 더 많은 사랑을 받고 있다.',1,'https://unsplash.com/photos/pqz07X5gYNw/download?ixid=MnwxMjA3fDB8MXxzZWFyY2h8MXx8JUVDJTk3JUFDJUVDJTlEJTk4JUVCJThGJTg0JTIwJUVEJTk1JTlDJUVBJUIwJTk1fGVufDB8fHx8MTY1OTUzNTE0NA&force=true&w=1920'),(16,'별마당 도서관','서울특별시 강남구 영동대로 513',37.512502,127.058796,'별마당 도서관은 코엑스 센트럴플라자 중심에 총 2,800㎡ 복층으로 구성되어 있다. 13m 높이 서가의 은은한 불빛이 공간 전체를 부드럽게 감싸는 편안한 서재를 컨셉으로 하여 다양한 테이블과 노트북 작업이 가능하도록 콘센트가 마련되어 있다. 특히 1층은 지하 1층의 선큰 공간을 조망하면서 여유롭게 독서 가능한 독립적인 공간으로 구성되어 있다. 별마당 도서관에는 총 5만 여권의 장서를 갖추고 있으며, 1층은 문학/인문학, 지하 1층은 취미/실용 관련 서적이 구비되어 있고 외국 원서 코너, 유명인의 서재 코너, 아이패드로 볼 수 있는 E-Book, 특히 해외 잡지까지 총 4백 여종의 잡지를 모아놓은 잡지 특화 코너도 마련되어 있다.',1,'https://unsplash.com/photos/BW6IojhaiDU/download?ixid=MnwxMjA3fDB8MXxzZWFyY2h8MXx8JUVCJUIzJTg0JUVCJUE3JTg4JUVCJThCJUI5JTIwJUVCJThGJTg0JUVDJTg0JTlDJUVBJUI0JTgwfGVufDB8fHx8MTY1OTUzNTIwNw&force=true&w=1920'),(17,'청계천','서울특별시 종로구 창신동',37.56888544,126.9843174,'청계천이 시작되는 세종로에 조성된 청계광장.청계천 복원 시작지점인 동아일보사 앞에서부터 신답철교 사이로 연장160m, 폭50m, 총 면적 2천 106평의 규모로 조성되었다. 분수와 폭포, 청계천 미니어처, 산책로와 탐방로 등으로 꾸며져있고, 청계천 복원의 의미와 함께 만남과 화합, 평화와 통일을 염원하는 장소로 만들어져 있다. 이 중 광장은 청계천 복원 시작지점중심에 741평 규모로 조성되었고, 우리나라 전통적보자기형태의 디자인을 가져와 다양한 색상의 석재포장으로 우아한 전통미를 살린다. 이 곳에는 청계천 축소모형인 청계 미니어처가 설치되어 복원된 청계천의 모습을 한눈에 볼 수 있다. 청계천을 가로지르는 22개 다리에 대한 해설판도 설치되어 있고, 이외에도 다양한 형상의 분수가 만들어져 아름다운 경관을 연출한다.한편, 광장에서 청계천으로 진입하기 위한 시설로는 왼편에 계단형 진입로, 오른편에 청계탐방로가 들어 서 있다. 청계 탐방로 중 18m 구간에는 터널이 설치돼 광장에서 청계천으로 들어 오는 시민들에게 색다른 경험을 선사한다. 서울시는 청계천광장 조성 후 공휴일에는 이 곳을 차 없는 거리로 만들어 광장, 수변공간, 도로가 시민들의 휴식과 문화공간으로 이용되도록 마련해놓았다. 삼색 조명이 어우러진 캔들 분수와 4m 아래로 떨어지는 2단 폭포가 장관을 연출한다. 폭포 양 옆에는 전국에서 돌을 가져온 8도석으로 제작된 \'팔석담\'을 깔았다. 밤이면 빛과 물이 어우러지는 환상적인 모습을 연출한다. 또, 청계천 전구간을 1/100로 축소한 미니어쳐 역시 멋진 볼거리를 제공한다.',1,'https://unsplash.com/photos/RwXMIzkHIpo/download?ixid=MnwxMjA3fDB8MXxzZWFyY2h8Mnx8Y2hlb25nZ3llY2hlb258ZW58MHx8fHwxNjU5NTM1MzYw&force=true&w=1920'),(18,'인사동','서울특별시 종로구 인사동길 62 (관훈동) 일대',37.575422,126.983474,'인사동은 도심 속에서 낡지만 귀중한 전통의 물건들이 교류되는 소중한 공간이다. 인사동에는 큰 대로를 중심으로 사이사이 골목들이 미로처럼 얽혀 있다. 이 미로 속에는 화랑, 전통공예점, 고미술점, 전통찻집, 전통음식점, 카페 등이 밀집되어 있다. 특히 인사동의 가게들은 저마다의 독특한 멋으로 젊은이들은 물론 중년층에게까지 매우 인기가 많다. 그 중에서도 화랑은 인사동의 맥을 이어온 중심이다.이곳에는 100여 개의 화랑이 밀집되어 있는데 한국화에서 판화, 조각전까지 다양한 전시회를 감상할 수 있다. 대표적인 화랑으로는 민중미술의 중심역할을 했던 학고재, 재능있는 작가들의 터전이 되었던 가나화랑, 가나아트센터 등이 있다. 만약 인사동의 유명한 화랑만을 골라서 편하게 구경하고 싶다면 미술관 순화버스 를 이용해보자. 저렴한 가격으로 유명 화랑 10여곳을 둘러볼 수 있다.\n화랑과 함께 인사동 거리를 메우고 있는 것은 바로 전통 찻집과 음식점이다. 처음에는 찾기가 힘들지만, 산책하듯이 천천히 골목골목을 둘러보면 매우 재미있다. 그 중에서 대표적인 명소를 꼽는다면 전통찻집 귀천이 있다.귀천(歸天)은 고 천상병(千祥炳) 시인의 부인이 운영하는 전통찻집으로 내부는 매우 작지만 당시 시인의 책과 사진을 접할 수 있는 곳이다. 이곳은 모과차가 가장 향기가 좋아 인기인데, 지금도 가끔 유명 인사들이 다녀가는 곳이다.인사동은 매주 토/일요일마다 차 없는 거리로 지정되어 시민과 함께 하는 문화공간으로 다시 태어났다. 이날은 기존 가게는 물론 거리에는 전통공연과 전시는 물론 엿장수, 사주와 궁합을 보는 할아버지가 함께 한다. 이 속에서 즐거움을 찾는 이들은 바로 각국에서 몰려든 외국인들이다. 한국의 전통문화를 보기 위해 찾아든 외국인 관광객들은 전통가게에서 고물건을 보거나 고미술을 산다. 그리고 거리에 있는 엿을 사고 전통 파전을 먹는다. 도심에서 느끼는 전통의 멋에 빠진 외국인들의 모습도 많이 볼 수 있다.',1,'https://unsplash.com/photos/tg6uE64lEJs/download?force=true&w=1920'),(19,'동대문 디자인 플라자','서울특별시 중구 을지로 281 (을지로7가)',37.5668817,127.009895,'꿈꾸고(Dream), 만들고(Design), 누린다(Play)는 뜻을 가지고 있는 DDP(동대문 디자인 플라자)는 서울특별시 동대문에 위치한 복합문화공간이다. 2014년 3월 21일 개관한 이래 굵직한 전시와 패션쇼, 신제품 발표회, 포럼과 콘퍼런스를 개최해오고 있다. 알림터, 배움터, 살림터, DDP디자인뮤지엄, 디자인장터와 어울림광장, 동대문역사문화공원으로 나뉘었다. 알림터에서는 서울패션위크, MAMA(Mnet Asian Music Awards), 반클리프 아펠전, BMW 신차 발표회 등을 개최했고, 다목적 연회 공간인 국제회의장 시설을 갖추었다. BTS 주제전과 서울도시건축비엔날레 등이 열렸던 배움터, 누구나 디자이너가 되는 곳을 주제로 2019년 개장한 시민 라운지 \'D-숲\'과 DDP 관련 기념품을 소개하는 DDP디자인스토어를 아우르는 살림터까지, 규모에 걸맞은 내실로 관람객의 흥미를 북돋운다. 식당과 베이커리, 카페가 들어선 디자인장터 역시 감성 충전을 기대하는 가족이나 연인을 만족시키고도 남을 산책 코스다.\n놓치지 말 것\nSNS상에 동대문디자인플라자의 야경 사진이 범람하는 데는 이유가 있는 법이다. 건축가 자하 하디드(Zaha Hadid)가 동대문디자인플라자를 설계하며 \'이른 새벽부터 밤이 저물 때까지 쉴 새 없이 변화하는 동대문의 역동성에 주목해 곡선과 곡면, 사선과 사면으로 이뤄진 특유의 건축 언어로 자연물과 인공물이 이음매 없이 이어지는 공간을 만들어냈다\'고 밝혔는데, 해 질 녘 조명이 켜진 후 건축물에 오롯이 집중할게 될 때 곡선부가 주는 역동성의 진가가 드러난다. 야경 사진을 찍기 좋은 지점은 어울림광장 진입로로, 내부의 웅장함과 건축물의 신비로운 소재가 연출하는 분위기를 담을 수 있다. 알림터와 배움터를 나누는 살림터 문 앞은 내‧외부의 현란한 곡선과 조명이 정점을 이룬다.',1,'https://unsplash.com/photos/drfv3mT1os4/download?ixid=MnwxMjA3fDB8MXxzZWFyY2h8NXx8ZGRwfGVufDB8fHx8MTY1OTUzNTUyOQ&force=true&w=1920'),(20,'이태원','서울특별시 용산구 이태원로 196 (이태원동)',37.5343741,126.995805,'이태원은 1997년에 서울시에서 최초로 지정된 관광특구로 2만 명 이상의 외국인이 거주하고 있는 다국적·다문화 지역이다.1980년대 들어 각종 국제회의를 비롯해 \'86 아시안게임과 \'88 올림픽이 서울에서 개최되면서 세계적으로 그 이름이 알려지게 되어 관광객들의 명소가 되었다. 특히 가죽 제품과 독특한 디자인의 보세 의류, 소품들이 유명하며 외국인들의 쇼핑 투어에 꼭 포함되는 쇼핑과 유흥의 거리다. 구두, 의류, 가방 등을 파는 쇼핑 상가는 물론 호텔을 비롯한 숙박 시설, 각종 음식점, 유흥 오락 시설과 여행사 등의 상가 2,000여 개가 골목골목에 밀집해 있다. 해밀턴호텔부터 보광로 방면으로 100여 개의 가게가 몰려 있는 앤티크 가구 거리도 유명하다. 또한 외국인이 직접 운영하는 40여 개국의 음식점이 모여 조성된 세계음식거리에서는 이국 문화와 음식 체험이 가능하다. 1990년대 후반부터는 동남아시아와 중동 지역의 관광객이 늘어나면서 미군 중심의 거리에서 다국적 \'퓨전\'거리로 변모하고 있다. 매년 10월에는 다양한 공연과 행사가 열리며 특히 \'이태원지구촌축제\'가 유명하다. 미화와 엔화 등이 자유롭게 통용되며 영어와 일어, 중국어 등 외국어로도 상인과 쉽게 거래할 수 있다.',1,'https://upload.wikimedia.org/wikipedia/commons/6/63/Road_in_Seoul%2C_KOREA_4.jpg'),(21,'세빛섬','서울특별시 서초구 올림픽대로 2085-14',37.5119751,126.993262,'세빛섬은 서울의 중심인 한강에 색다른 수변 문화를 즐길 수 있는 랜드마크로 조성된 복합 문화 공간이다. 세계 최초로 물 위에 떠 있을 수 있는 부체 위에 건물을 짓는 플로팅 형태의 건축물이다. 세빛섬은 한강을 아름답게 밝혀줄 세 개의 빛나는 섬과 다양한 영상 및 콘텐츠가 상영되는 예빛으로 이루어져 있다. 서울 시민의 하루의 삶을 상징하며 서울과 한강을 비추고 있다. 채빛은 동쪽에서 떠오르는 해처럼 활기찬 하루를 여는 찬란한 빛입니다. 솔빛은 한낮의 해처럼 가장 높은 곳에 올라 온 사방을 비춘다. 가빛은 해질녘 노을빛처럼 하루의 끝을 갈무리하며 아름답고 우아하게 빛나고 있다. 미디어아트갤러리 예빛은 밤을 비추는 은은한 달빛과 같은 예술의 장이 될 것이다.',1,'https://upload.wikimedia.org/wikipedia/commons/0/0f/Before_Sunset_%28109036763%29.jpeg'),(22,'서울 숲','서울특별시 성동구 뚝섬로 273 (성수동1가)',37.5451436,127.040535,'2005년 6월 18일 \"서울숲\" 개원 이전까지는 뚝섬은 생성과 변천을 거듭해 오면서 임금의 사냥터, 군검열장 등으로, 최초의 상수원수원지로, 골프장으로, 경마장, 체육공원 등으로 활용되어 왔다.현재 \"서울숲\"은 18만 평 규모의 5개 테마공원으로서, 동북부 주민은 물론, 1,100만 서울시민에게 환경친화적인 대규모 휴식 공간으로 탈바꿈하였는 바, 영국의 하이드파크(Hyde Park), 뉴욕의 센트럴파크(Central Park)와 같이 서울의 \"서울숲\"이 자리메김 될 것이다.\n* 서울숲 광장\n1) 서울숲 중앙에 위치\n2) 서울숲광장, 뚝섬 가족마당, 장식화단, 방문자센터, 스케이트파크, 야외무대, 수변휴게실(레스토랑), 숲속의 빈터, 숲속놀이터, 물놀이터 등으로 구성',1,'https://unsplash.com/photos/JQC6_cyrGhI/download?ixid=MnwxMjA3fDB8MXxzZWFyY2h8NXx8JUVDJTg0JTlDJUVDJTlBJUI4JUVDJTg4JUIyfGVufDB8fHx8MTY1OTUzNTkyOQ&force=true&w=1920'),(23,'해방촌','서울특별시 용산구 신흥로3가길 66 (용산동2가)',37.5427252,126.984466,'서울 남산 주변으로 용산구 용산동 1가와 용산동2가에 걸쳐있는 마을로 서울의 대표적 달동네이다. 1945년 일본의 식민지에서 해방되어 해외에서 살던 국민들이 돌아와 정착한 곳이며 또한 한국 전쟁 이후 북쪽에서 내려와 서울에 정착한 사람들이 모여 살던 동네라 하여 불린 이름이 \'해방촌\'이다. 1979년에 용산재개발지구로 선정되어 주택건립사업을 하였으나, 좁은 골목과 언덕 등 달동네의 모습을 유지하고 있는 곳이다. 2021년 용산구 도시재생사업을 통해 관광객들이 테마를 통해 마을을 들러볼 수 있도록 환경이 개선되었고, 해방촌 명소 \'108계단\'에는 경사형 승강기가 설치되었다. 드라마 <내 이름은 김삼순>, <이태원 클라쓰>. <동백꽃 필 무렵>, 소니 카메라 광고 등 촬영지로 알려지면서 많은 사람의 발길이 닿고 있다.',1,'https://unsplash.com/photos/XX3ooUPVBQw/download?force=true&w=1920'),(24,'명동 성당','서울특별시 중구 명동길 74 (명동2가)',37.5632772,126.986827,'서울 대교구 주교좌 명동대성당은 한국 가톨릭 교회 공동체가 처음으로 탄생한 곳으로 순교 성인들의 유해를 모시고 있는 한국 가톨릭의 대표 성지이며, 우리나라 최초의 고딕양식으로서 사적으로서 기념비적인 건축물이다. 명동대성당은 1894년에 공사를 시작해 1898년 완성된 것으로 우리나라 최초의 벽돌조교회당으로서 순수한 고딕양식 구조로 지어졌다. 군사 정권 시대를 지나면서 민주화투쟁의 중심지로 더 많이 인식되어 왔으나 지하성당에는 엥베르 주교, 모방신부, 샤스탕신부 등 순교자들의 유해가 안장되어 있는 거룩한 성지이다.\n* 지하 순교자 묘역\n1900년 9월 10일 베르뉘(Berneux)주교 등 병인박해시 순교하신 순교자들의 유해를 용산신학교로부터 대성당 지하묘소로 안치하였으나 이후 연고지로 옮겨 모셨고, 1926년 기해교난과 병오교난시의 순교자 79위의 영광스러운 시보식후 복자들의 유해를 지하묘소에 모신후 대성당 좌측 회랑에 복자제대를 설치하고 79위 복자 성화를 모셨다. 1950년 전쟁 때에 대성당이 인민군에 점거되어 지하묘소에 안치중인 순교자 유해가 손괴당하기도 하였다.1991년, 퇴락한 유해의 포장, 부식된 납관 등을 새로 제작, 유해를 안치한 후 봉인하여 석관에 모시고, 이를 새로 말끔히 단장한 현실에 모신 후 각 현실마다 비명을 적은 석판을 세움으로서 마무리하였고 수시로 순례자들이 참배할 수 있도록 묘역의 입구를 유리문으로 개조 설치하였다.\n현재 모셔져있는 성인 및 치명자의 유해는 기해박해(1839년)시 순교하시고 1984년 시성되신성 엥베르(Imbert) 주교, 성 샤스탕(Chastan) 신부, 성 모방(Maubant) 신부, 성 김성우(안토니오), 성 최경환(프란치스코) 등 다섯분의 성인과 병인박해(1866년)시 순교하신 파리외방전교회 Pourthie J. Antoine 신부, Petitnicolas M. Alexandre 신부 등 2분과 무명 치명자 2분 등 총 9분의 유해를 모시고 있다.',1,'https://upload.wikimedia.org/wikipedia/commons/5/59/Myeongdong_Cathedral_08.jpg'),(25,'라베니체 마치에비뉴','경기도 김포시 장기동 (장기동)',37.6405128,126.679471,'경기도 김포시에 위치한 라베니체 마치에비뉴는 인공 수로인 금빛 수로를 따라 천변에 마련된 상가 거리로 \'구미호뎐\'과 예능 프로그램 \'한끼 줍쇼\' 등 여러 방송을 통해 매체에 소개되면서 타지역 사람들도 찾는 명소다. 낮이면 수면 위로 햇살이 비춰 별빛처럼 반짝이고, 밤이면 도시의 불빛이 다시 수면 위에 색색의 빛으로 환해지는 낭만적인 곳으로 느린 걸음으로 수로를 따라 걷다 보면 마치 다른 나라에 온 듯한 느낌을 받을 수 있다.',2,'https://i7d110.p.ssafy.io/api/image/download/tripplace2.jpg'),(26,'에버랜드','경기도 용인시 처인구 포곡읍 에버랜드로 199 (포곡읍)',37.2896511,127.217242,'1년 365일, 계절별 다채롭게 펼쳐지는 축제와 어트랙션, 동물, 식물 등 다양한 시설로 즐거운 휴식과 기쁨을 선사하는 테마파크이다. 5개 테마존의 40여종의 최신 어트랙션은 짜릿한 스릴을 선사하며 특히 우든코스터 T Express는 롤러코스터 마니아들에게 사랑받고 있다. 파크 곳곳에서 펼쳐지는 다양한 무대공연, 멀티미디어 불꽃쇼 등 초대형 엔터테인먼트가 날마다 새로운 즐거움을 더하며, 아시아 동물원 최초로 AZA (미국 동물원 수족관협회) 인증을 받은 에버랜드 동물원 \'주토피아\'에서는 사파리월드, 로스트밸리 등 수준높은 동물 생태 전시를 경험할 수 있다. 또한 40여년간 한국의 꽃 축제와 정원 문화를 선도해 온 에버랜드에서 튤립, 장미 등 아름다운 테마정원과 오감만족의 전시, 체험도 만나볼 수 있다.',2,'https://unsplash.com/photos/CwWER8eIhFg/download?ixid=MnwxMjA3fDB8MXxzZWFyY2h8MXx8ZXZlcmxhbmR8ZW58MHx8fHwxNjU5NTMzMDQ5&force=true&w=1920'),(27,'서울랜드','경기도 과천시 광명로 181 (막계동)',37.4370997,127.024467,'한국 최초의 놀이공원이라는 타이틀을 가진 서울랜드는 개장과 동시에 대한민국 대표 테마파크로 자리매김했다. 서울역과 명동역에서 30분 내외 거리에 위치해 있어 교통이 편리하고, 인근에는 서울대공원의 동.식물원과 산림욕장, 국립현대미술관 등이 모여 있어 한국을 대표하는 관광지로 널리 사랑 받고 있다.\n서울랜드는 한국 애니메이션 캐릭터로 꾸며진 놀이기구 50여종 뿐만 아니라 야외 수영장(여름)과 눈썰매장(겨울) 등 계절 시설도 운영하고 있으며, 계절별로 신선한 즐거움을 주기 위해 새로운 공연, 축제, 이벤트 등을 도입하고 있다. 2019년에는 한국 최초·최대 빛 축제 \'루나파크\'와 공룡 전시 체험관 \'쥬라기랜드\'를 차례로 오픈하여 한국 최고의 관광지로 발돋움하고 있다.\n2019년 4월 오픈한 한국 최초·최대 빛 축제 \'루나파크\'는 이탈리아어로 \'달\'을 의미하는 \'Luna\'처럼 달빛으로 가득 찬 서울랜드의 야간공원을 의미한다. 서울랜드의 상징인 지구별을 활용한 3차원(3D) 맵핑쇼 \'뮤직 라이트 플래닛\', 인기 DJ들의 퍼포먼스가 돋보이는 \'루나파크 일렉트로닉댄스뮤직(EDM) 스테이지\', 하늘에서 폭포처럼 호수로 쏟아지는 디지털 LED \'루나레이크\', 초대형 달과 장미 앞에서 인생샷을 남길 수 있는 \'로맨틱 가든\', 롤러코스터인 블랙홀2000을 이용한 \'메가홀로그램쇼\' 등 화려한 콘텐츠를 선사한다. 낮에는 놀이공원으로, 밤에는 야간공원으로 재탄생하여 개장부터 폐장까지 풍부한 즐길거리를 제공하고 있다.\n2019년 5월에는 \'쥬라기랜드\'를 오픈해 최대 18M 길이의 움직이는 공룡을 볼 수 있게 됐다. 다양한 종류의 공룡과 화석, 알 등이 100여개 전시되어 있으며 단순한 관람을 넘어 공룡 화석 발굴, 뼈 맞추기 체험 등을 통해 어린이들의 오감을 자극하는 교육 효과도 기대할 수 있다.',2,'https://upload.wikimedia.org/wikipedia/commons/4/42/2015%EB%85%84_5%EC%9B%94_5%EC%9D%BC_%EC%84%9C%EC%9A%B8%EB%9E%9C%EB%93%9C_%EC%A0%84%EA%B2%BD_DSC09925.jpg'),(28,'두물머리','경기도 양평군 양서면 두물머리길 145 (양서면)',37.5335998,127.317472,'* 영화촬영지로 자주 쓰이는 아름다운 장소, 두물머리와 느티나무 *\n두물머리[兩水里]는 금강산에서 흘러내린 북한강과 강원도 금대봉 기슭 검룡소(儉龍沼)에서 발원한 남한강의 두 물이 합쳐지는 곳이라는 의미이며 한자로는 \'兩水里\'를 쓰는데, 이곳은 양수리에서도 나루터를 중심으로 한 장소를 가리킨다. TV 드라마나 영화를 통해 널리 알려진 곳이며 결혼기념 사진 촬영장소로 인기가 높다. 예전에는 이곳의 나루터가 남한강 최상류의 물길이 있는 강원도 정선군과 충청북도 단양군, 그리고 물길의 종착지인 서울 뚝섬과 마포나루를 이어주던 마지막 정착지인 탓에 매우 번창하였다. 그러다가 팔당댐이 건설되면서 육로가 신설되자 쇠퇴하기 시작하여, 1973년 팔당댐이 완공되고 일대가 그린벨트로 지정되자 어로행위 및 선박건조가 금지되면서 나루터 기능이 정지되었다. 사유지이지만, 이른 아침에 피어나는 물안개, 옛 영화가 얽힌 나루터, 강으로 늘어진 많은 수양버들 등 강가마을 특유의 아름다운 경관으로 인해 웨딩·영화·광고·드라마 촬영 장소로 자주 이용되고 있다. 또 사진동호인들의 최고 인기 촬영장이기도 한데, 특히 겨울 설경과 일몰이 아름다운 것으로 알려져 있다.\n* 두물머리의 또다른 볼거리 느티나무 *\n수령은 400년이며, 세 그루의 느티나무가 마치 한 그루처럼 우산형의 수관(樹冠)을 형성하고 있는 두물머리마을의 정자목이다. 중심부에 있는 가장 큰 나무는 근원부부터 갈라진 모양을 보아 원래 두 그루였던 것이 합쳐져 자란 것으로 추정된다. 중간 크기의 나무는 지상부 1.2m 부위에서 갈라지는 두 줄기가 서로 교차되면서 장방형의 공간을 만들고 있는데 큰 나무 쪽으로의 가지는 거의 발달되지 않아 수형이 불균형하다. 물가에서 가장 가까운 작은 나무는 강쪽으로만 가지가 발달하여 큰 나무 쪽으로는 가지가 거의 없다.',2,'https://upload.wikimedia.org/wikipedia/commons/thumb/c/c0/%EB%91%90%EB%AC%BC%EB%A8%B8%EB%A6%AC_%284%29.JPG/800px-%EB%91%90%EB%AC%BC%EB%A8%B8%EB%A6%AC_%284%29.JPG?20150718135344'),(29,'쁘띠프랑스','경기도 가평군 청평면 호반로 1063',37.7151149,127.490416,'청평댐에서 남이섬 방향으로 호숫가 길을 따라 10km쯤 가다 보면 왼쪽 언덕에 이국적 건물들이 옹기종기 모여 있는 걸 볼 수 있다. 건물만 보면 지중해 연안의 마을 같기도 하고 호명산의 수려한 주위 배경과 함께 보면 마치 알프스 산록의 전원마을 같은 이곳은, 프랑스 문화마을 쁘띠프랑스이다. 쁘띠프랑스의 컨셉트는 \'꽃과 별, 그리고 어린왕자\'이다. 쁘띠프랑스는 청소년수련시설(고성청소년수련원)을 겸한 프랑스 문화마을로, 가평군 청평면 고성리 일대에 조성됐다. 쁘띠프랑스는 프랑스풍 건물로 이루어져 있으며 관람객들은 숙박을 하면서 프랑스의 의식주 문화를 체험할 수 있다.\n이밖에 쌩텍쥐페리의 일생과 어린왕자 등 작품세계를 설명한 쌩텍쥐페리 기념관, 200년 된 오르골에서 나오는 감미로운 선율을 들을 수 있는 오르골 하우스, 프랑스 고택을 그대로 들여와 지은 프랑스 전통주택 전시관, 프랑스의 상징인 \'닭\' 조각과 그림, 자기를 비롯해 프랑스 및 유럽에서 수집한 골동품을 볼 수 있는 골동품 전시관 등에서도 독특한 프랑스 문화를 체험할 수 있다. 최대 200여 명 수용 가능한 4∼10인용 객실을 갖추고 있어 단체수련회나 MT 장소로도 좋은 곳이다.',2,'https://upload.wikimedia.org/wikipedia/commons/f/ff/Petite_France_%284724843243%29.jpg'),(30,'세미원','경기도 양평군 양서면 양수로 93',37.5409253,127.323952,'세미원 연꽃박물관은 연꽃이라는 단일한 테마 아래 연꽃관련 생활 용품, 고서, 음식 등의 유물이 전시된 세계 유일의 박물관이다. 세미원 6만2천평 정원은 수질정화 능력이 뛰어난 연꽃을 주로 식재하여 한강물 정화에 기여하고 있다. 연꽃 가득한 여름이 가장 아름다우며 각 계절에 맞는 테마로 정원을 꾸며 사계절 내내 볼거리를 제공한다. 또한 생태환경교육, 체험교육, 전시활동을 겸하는 복합문화공간을 지향한다.',2,'https://upload.wikimedia.org/wikipedia/commons/4/4f/%EC%84%B8%EB%AF%B8%EC%97%B0_%2823%29.JPG'),(31,'헤이리 예술마을','경기도 파주시 탄현면 헤이리마을길 70-21',37.7883421,126.699526,'헤이리 예술마을은 15만평 규모로 통일동산 관광특구내에 위치해 있다. 지상에서 가장 아름다운 마을을 꿈꾸며 일정한 자격 조건을 갖추고 심사에 통과한 다양한 분야의 창작자와 예술가 300여명이 공동체 마을을 이루며 거주하고 있다. 헤이리는 문화예술의 생산, 전시, 판매, 거주가 함께하는 통합적 개념의 특수한 공동체 마을이다. 수많은 갤러리, 박물관, 전시관, 공연장, 소극장, 카페, 레스토랑, 서점, 게스트하우스, 아트숍과 예술인들의 창작공간이 자리 잡고 있다.\n헤이리 마을의 어원은 인근지역에서 불려졌던 금산리 농요의 받음구 후반에 나오는 \'에 헤이 에 헤이리\'에서 유래되었다. 헤이리는 국내에서는 인사동(2002년)과 대학로(2004년)에 이어 2009년 12월에 세 번째로 문화지구로 지정되었다.\n헤이리 마을에 가면 중앙에 갈대광장에 위치한 관광안내소에서 정보를 얻은 후에 본격적으로 둘러보는 것이 좋다. 규모가 너무 커서 걸어서 돌아보기에는 다소 무리가 있다. 각종 미술작품들이 자연의 생생한 숨결과 어울려 그대로 또 하나의 거대한 예술품이 되는 헤이리는 새로운 분위기를 찾는 연인과 가족 나들이 코스로 손색이 없다. 건축가들은 페인트를 쓰지 않고 지상 3층 높이 이상은 짓지 않는다는 기본원칙에 따라 자연과 어울리는 건물들을 설계했다. 그래서 헤이리 여행은 건축물을 감상하는 데서 시작된다.\n안과 밖이 구분되지 않는 건물, 지형을 그대로 살려 비스듬히 세워진 건물, 사각형의 건물이 아닌 비정형의 건물 등 각양각색의 건축물들이 개성을 뽐내며 서있다. 헤이리의 길은 반듯하지 않고, 자연이 만든 굴곡을 그대로 따라가며, 아스팔트도 깔지 않았다. 헤이리 마을을 돌아보는 가장 좋은 방법은 이 길을 따라 어슬렁거리며 산책하는 것이다. 산책을 하다 재미있는 건축물을 만나면 카메라에 담고 그러다 마주치는 미술관에 들어가 작품을 감상하면 된다.\n헤이리 모든 건축물의 60%는 창작과 문화 향유 장소로 일반인들에게 개방되고 있다. 이것은 헤이리 마을의 규정이며, 이 규정의 최대 수혜자는 관람객들이다. 관람객들이 헤이리 마을을 돌아보고 있는 순간에도 헤이리 마을에서는 창작활동이 이루어지고 있다. 헤이리 마을에서는 계절에 따라 국내외 유명 문화예술단체가 참여 또는 초청되는 여러 가지 문화예술 행사가 열린다. 그래서 헤이리 마을은 다정한 사람과 함께 돌아보는 곳임과 동시에 문화예술의 창달을 위해 노력하는 마을로도 알려지고 있다. 인근에 오두산 통일전망대, 프로방스마을 등을 둘러 봐도 좋다.',2,'https://upload.wikimedia.org/wikipedia/commons/thumb/1/16/Heyri_Artvalley_17_%2831970577091%29.jpg/800px-Heyri_Artvalley_17_%2831970577091%29.jpg?20210822053656'),(32,'스타필드 하남','경기도 하남시 미사대로 750',37.5454092,127.223737,'쇼핑, 레저, 힐링이 한 곳에서 이뤄지는 쇼핑 테마파크이다. 아침부터 저녁까지 가족과 친구들이 함께 쇼핑하고, 맛있는 음식과 레저를 즐기고, 편히 쉴 수도 있는 곳, 스타필드 하남으로 원데이 트립을 제안한다. 강남에서 자동차로 30분에 도착할 수 있는 탁월한 접근성으로 수도권 가족단위 고객들에게 최적의 나들이코스이다. 동시에 6200대 주차할 수 있는 국내 최대의 주차공간도 마련되어있다.\n※ 반려견 동반 여행 정보\n- 예방접종이 완료된 반려동물 (개, 고양이)에 한해 목줄 착용 또는 케이지 동반 시 출입 가능 - 단, 맹견 출입 제한 (도사견, 아메리칸핏불테리어, 아메리칸스태퍼드셔 테리어, 스태퍼드셔 불테리어, 로트와일러, 도고 아르젠티노, 필라 브라질레이, 잉글리쉬 불테리어 및 그 잡종의 개, 그밖에 사람을 공격하여 상해를 입힐 가능성이 높은 개) - 목줄은 안전을 위하여 1.5m 이내로 조절하여 고정 - 매장별 출입 기준은 상이함',2,'https://i7d110.p.ssafy.io/api/image/download/tripplace3.jpg'),(33,'대부도','경기도 안산시 단원구 대부황금로 1531',37.2892774,126.577279,'안산의 하와이로 불리는 대부도는 시화방조제로 연결이 되어 육지가 된 섬이지만 아직도 섬이 가진 낭만과 서정이 곳곳에 남아있는 곳이다. 무엇보다도 대부도 가는 길목은 섬과 섬을 잇는 색다른 드라이브를 즐길 수 있다. 특히 돌이 검다는 탄도, 부처가 나왔다는 불도, 신선이 노닐었다는 선감도를 비롯해 섬 여섯개가 마치 형제처럼 어깨를 맞대고 서해에 있다 해서 불리는 육도, 겨울이 되면 굴과 바지락을 채취하기 위해 인근 도리도로 이주했다가 이듬해 설이 되기전에 돌아오는 독특한 생활방식을 가진 풍도 등은 독특한 멋을 간직한 곳이다. 대부도는 갯벌에서 맛조개, 동죽 등을 직접 잡을 수 있고, 그 외에도 고동, 조개 등을 손쉽게 잡을 수 있으며, 망둥이, 넙치, 우럭, 놀래미, 등을 바다낚시로 즐길 수 있다. 대부도 지역은 다양한 특산물로 유명한데 육도는 바지락과 굴이, 풍도는 소라젓과 천연 둥글레차가, 대부도는 특히 바지락칼국수가 시원함을 자랑한다.',2,'https://i7d110.p.ssafy.io/api/image/download/tripplace95.jpg'),(34,'용문산','경기도 양평군 용문면 용문산로 782',37.5497526,127.572259,'경기 양평군 용문면(龍門面)과 옥천면(玉泉面) 경계에 있는 산으로 높이는 1,157m에 이른다. 양평(楊平) 북동쪽 8km, 서울 동쪽 42km 지점에 위치한다. 광주(廣州) 산맥계에 속하나 독립된 한 산괴로서 산체(山體)가 웅대하여 동서 8km, 남북 5km에 걸치고, 용문산을 주봉으로 하여 동북동 5.5km의 도일봉(道一峰:864m), 동쪽 4.5km의 중원산(中元山:800m), 남서 3.5km의 백운봉(白雲峰:940m) 등 지봉(支峰)이 용립(聳立)하여 연봉을 이루고 있다.\n정상은 평정(平頂)을 이루고 능선은 대지(臺地)가 발달하였으며, 특히 중원산과의 중간에는 용계(龍溪)·조계(鳥溪)의 대협곡이 있고 그 사이에 낀 대지는 수 100m의 기암절벽 위에 있어 금강산을 방불케 한다. 북쪽은 완경사, 남쪽은 급경사를 이루고, 첩첩이 쌓인 암괴들이 나타나며 깊은 계곡과 폭포도 볼 수 있고 용문산 북서 일대는 고도 700∼1,100m의 약 4㎢의 고위평탄면이 나타난다.남쪽 산록 계곡에는 용문사(龍門寺)·상원사(上院寺)·윤필사(潤筆寺)·사나사(舍那寺) 등 고찰이 있고 용문사 경내에 있는 은행나무는 천연기념물로 지정되고 나무가 차지하는 면적이 260㎡나 된다. 또 이곳에는 보물 정지국사 부도(正智國師浮屠) 및 비(碑) 2기가 있다.',2,'https://i7d110.p.ssafy.io/api/image/download/tripplace4.jpg'),(35,'화성 행궁','경기도 수원시 팔달구 정조로 825 (남창동)',37.2818191,127.013426,'행궁은 정조가 현륭원에 행차할때 임시 거처로 사용하던 곳으로 그 어느 행궁보다 크고 웅장하였으며 활용도도 높아 경복궁의 \'부궁\'이라는 말까지 생겨난 곳이다. 정조 18~20년에 화성을 축성하고 팔달산 동쪽에 행궁을 건립했는데 평상시에는 유수부(지금의 시청) 관청으로 사용되던 곳이다. 화성은 창룡문(동), 화서문(서), 팔달문(남), 장안문(북) 4개의 문루로 이어져 있으며, 뛰어난 건축술로 인해 세계 문화 유산으로 선정 되었을 뿐 아니라 우리나라 최초의 신도시 개발 사례로도 평가받고 있다. 조선 22대 정조는 아버지 사도 세자가 뒤주 속에서 비극적인 삶을 마감하자 그 무덤을 당시 최고의 명당이라 평가받던 수원(현재의 화성시)으로 이장하였고, 능 주위에 살던 주민들을 팔달산 아래 현재의 위치로 옮기면서 도시와 성곽을 축성하였다. 화성의 국궁체험과 팔달산 정상의 효원의 종 타종, 행궁의 여러가지 전통문화체험은 우리 문화재를 입체적으로 접근할 수 있도록 도와준다. 그외에도 대장금의상 입어보기, 소원성취 나무와 스탬프 찍기등 다양한 체험을 할 수 있다.',2,'https://upload.wikimedia.org/wikipedia/commons/thumb/c/c2/%ED%96%89%EA%B6%81_DSC_2953_1_-_%EB%B3%B5%EC%82%AC%EB%B3%B8_copy.jpg/800px-%ED%96%89%EA%B6%81_DSC_2953_1_-_%EB%B3%B5%EC%82%AC%EB%B3%B8_copy.jpg?20170925072210'),(36,'월미도','인천광역시 중구 월미문화로 36 (북성동1가)',37.4772138,126.59883,'월미도는 효종4년(1653)에 월미도에 행궁을 설치했다는 기록 외에는 조선조 말기까지 역사에 등장하는 일이 거의 없었다. 행궁의 위치는 동쪽해안에 있던 임해사터라고 되어 있으나 지금으로서는 확인할 길이 없다. 1920년대 후반부터 1930년대까지가 월미도 유원지의 전성기였다. 당시 조선인과 일본인 남녀노소를 가릴 것 없이 월미도의 이름을 모르는 사람이 없을 정도였다 한다. 1989년 7월 문화의 거리가 조성된 이래 문화예술의 장, 만남과 교환의 장 그리고 공연놀이 마당 등으로도 알려지기 시작한 월미도는 인천하면 떠올릴 만큼 유명한 곳으로 자리잡고 있다.\n휴일엔 각지에서 수십만 명의 인파가 몰리는 이곳에는 카페, 회센터 등 조화를 이루며 늘어서 있어 시원한 바다를 바라보며 구미에 맞는 음식을 골라 즐길 수도 있다. 인천 앞바다 1km 거리에 떠있는 둘레 4km의 월미도는 섬 아닌 섬으로 변모하고 인천시민의 또한 그 주변의 시민의 휴식 공간으로 자리를 굳히고 있다. 간조시에는 갯벌이 노출되지 않아 항상 바닷물과 즐길 수 있으며, 주변에는 횟집이 자리하고 있어 서해안의 별미를 맛볼 수 있어 외국인 관광객의 군침을 돌게 한다. 또한 문화의 거리는 관광객을 위하여 특성있는 구간을 조성하여 \"만남교환의 장\", \"문화예술의 장\"과 각종 공연을 위한 \"연출의 장\"을 설치하여 이용객의 편의를 도모하여 시민문화 의식의 고취와 지방 예술 문화창달에 기여하고 있다.',2,'https://unsplash.com/photos/l4ALu1iXatQ/download?ixid=MnwxMjA3fDB8MXxzZWFyY2h8Mnx8JUVDJTlCJTk0JUVCJUFGJUI4JUVCJThGJTg0fGVufDB8fHx8MTY1OTU0MDE3Mw&force=true&w=1920'),(37,'동막 해수욕장','인천광역시 강화군 화도면 해안남로 1481',37.593457,126.458695,'* 천혜의 갯벌 품은 강화도 본섬의 유일한 해수욕장 *\n동막해변은 백사장과 울창한 소나무 숲으로 둘러쌓여 천혜의 자연경관을 자랑하고 있으며, 밀물 시에는 해수욕을 즐길 수 있고, 썰물 시에는 갯벌에 사는 여러가지 생물들을 관찰할 수 있다. 물이 빠지면 끝없이 펼쳐진 갯벌이 드러나면서 조개, 칠게, 고둥, 가무락 등 다양한 바다 생물들을 관찰할 수 있어 가족단위의 여름휴양지로 널리 알려져 있으며, 인근에는 분오리 돈대, 함허동천 시범야영장 및 정수사 등의 볼거리와 즐길거리가 있다.\n특히 분오리돈대에 오르면 강화의 남단갯벌이 한눈에 들어오고 멀리는 인천국제공항도 볼 수 있다. 강화도 남쪽의 화도면 장화리에서 동막리에 이르는 해안도로는 일몰을 감상하는 장소로 좋으며, 우리나라 각 시대의 역사가 곳곳에 새겨져 있는 역사의 섬답게, 유적지가 많아다양한 볼거리가 많다.\n※ 관광객의 발길이 잦아 지면서 어종이 사라질 위기에 처해 있고 하니 바닷가 생물들을 무분별하게 체집하는 것은 삼가하는 것이 좋다.',2,'https://i7d110.p.ssafy.io/api/image/download/tripplace5.jpg'),(38,'송도 한옥 마을','인천광역시 연수구 테크노파크로 180 (송도동)',37.3906497,126.639234,'인천 연수구 송도동 24-9번지에 조성된 한옥마을로 오래된 전통 가옥 촌이 아닌 2013년에 신축된 한옥 단지이다. 송도 국제도시의 고층빌딩과 한옥단지가 대비되면서 서양과 동양의 만남이 이루어지는 듯한 공간이 조성되었다. 조성 초기 계획으로는 전통문화 체험공간의 성격이 강했다고 전해지나 현재는 한옥 전통마을 전체 부지를 외식업체에 임대해 한옥으로 지어진 호텔과 식당과 카페 등의 상업 시설로 이용되고 있다. 드라마 <도깨비>, <야왕>, <파랑새의 집> 촬영지로도 알려져 많은 사람이 찾는 장소이다.',2,'https://upload.wikimedia.org/wikipedia/commons/9/98/Songdo_International_Business_District_14.JPG'),(39,'을왕리 해수욕장','인천광역시 중구 용유서로302번길 16-15 (을왕동)',37.4468705,126.377396,'인천광역시 중구 을왕동에 있는 해수욕장으로, 늘목 또는 얼항으로도 불리며 1986년 국민관광지로 지정되었다. 백사장 길이는 약 700m, 평균 수심은 1.5m로 비교적 규모가 큰 편이다. 울창한 송림과 해수욕장 양쪽 옆으로 기암괴석이 늘어서 있어 경관이 매우 아름답다. 특히 낙조가 아름답기로 서해안에서 손꼽힌다. 간조 때에는 백사장의 폭이 200m 정도 드러난다. 해수욕장으로는 드물게 넓은 잔디밭과 충분한 숙박시설이 갖춰져 있어 각종 스포츠를 즐길 수 있으며, 청소년들의 단체 수련을 위한 학생야영장, 수련장 등이 마련되어 있다. 배를 빌려 바다로 나가면 망둥어와 우럭·노래미·병어·준치 등도 많이 잡을 수 있다. 해수욕과 스포츠, 낚시 등을 다양하게 즐길 수 있는 종합휴양지로 적격이다.',2,'https://i7d110.p.ssafy.io/api/image/download/tripplace6.jpg'),(40,'영종도','인천광역시 중구 운남서로 100 (운남동)',37.4938316,126.531436,'영종대교를 통해 육지와 연결되고, 간척공사로 용유도, 삼목도와 하나로 합해진 섬이다. 인천 연안부두에서 서북쪽으로 3km 거리에 있다. 창밖으로 펼쳐진 갯벌과 바다를 내다보며 4.42km를 달리는 기분은 여행의 또 다른 시원한 맛을 느끼게 된다. 영종도에 도착하자마자 가정 먼저 만나게 될 진풍경은 어시장이다. 광어, 우럭, 도다리, 게, 해삼, 명게 같은 해산물은 인근 바다에서 그날 잡은 것으로 즉석에서 회를 떠서 맛 볼 수도 있으며 해산물을 구입할 수 있다.\n영종도에는 사색의 숲을 거쳐 가는 아담한 사찰인 용궁사와 산책하기 좋은 백운산이 있으며, 학생 해양탐구학습장인 이곳은 지난 1984년 개장하여 운영되고 있으며 수천 수만년 동안 파도에 의해 형성된 해안절벽과 해식동굴을 볼 수 있다. 백운산 정상에서는 동북아 최대의 허브공항인 인천국제공항이 한눈에 들어온다.\n놓치지 말 것\n영종도 백운산 동북쪽에 위치한 천 년 고찰 용궁사로 가는 길은 사색과 신비의 숲이다. 1984년 학생 해양탐구학습장으로 조성됐으며, 수천 년, 수만 년간 파도에 의해 형성된 해안 절벽과 해식동굴의 절경을 품고 있다. 백운산 끝자락에 드리운 용궁사 소원바위는 시험을 앞둔 이들이 찾는 기도 명당이며, 사찰에는 1000년 수령의 느티나무(인천시 기념물)가 있다. 백운산 정상에선 인천국제공항의 늠름한 자태를 한눈에 담을 수 있다.',2,'https://www.hiway21.com/YJBridge/image/05_gallery/gallery10_b.jpg'),(41,'산청 동의보감촌','경상남도 산청군 금서면 동의보감로555번길 45-6',35.82639,128.6155203,'왕산과 필봉산 기슭에 자리잡은 동의보감촌은 전국에서 처음으로 한방을 테마로 한 건강체험 관광지로서, 엑스포주제관, 한의학박물관 한방기체험장, 한방테마공원, 동의본가, 한방자연휴양림, 본디올한의원, 숙박시설, 약초판매장 등 한방과 관련된 다양한 시설을 갖추어 명실상부한 한방휴양 관광지의 메카로 자리잡은 대한민국 힐링여행 1번지이다.',3,'https://i7d110.p.ssafy.io/api/image/download/tripplace7.jpg'),(42,'진주성','경상남도 진주시 남강로 626',36.54079,128.5228,'진주와 관련된 역사적 사건은 많다. 임진왜란 3대첩의 하나인 진주대첩 임란 때의 논개의 순국,1862년 전국적인 농민항쟁의 시발점이 된 진주농민항쟁 등 큰 사건만 해도 부지기수이다. 고려 말에 왜구방어의 보루로 고쳐 쌓은 이 성은 조선 선조 25년(1592) 임진왜란이 일어났을 때 호남으로 진출하려는 왜적을 막는 관문이 되었다. 임진왜란 3대첩의 하나로 제1차 진주성싸움을 드는 것은 3,800여명의 군사로 10배에 가까운 왜적을 물리쳤을 뿐 아니라, 이 성을 지킴으로써 곡창지대인 호남을 지킬 수 있었기 때문이다. 1593년 제2차 진주성싸움에는 민.관.군 7만여명이 왜군 10만여명을 맞아 11일간의 치열한 전투 끝에 모두 순의하였고, 이 때 논개가 적장을 안고 남강에 투신하여 충절을 다한 곳이기도 하다. 성내는 촉석루, 김시민 전성각적비, 의기사, 서장대, 북장대, 창열사, 국립진주박물관, 호국사, 야외공연장 등이 있다.',3,'https://i7d110.p.ssafy.io/api/image/download/tripplace8.jpg'),(43,'우포늪','경상남도 창녕군 유어면 우포늪길 220',35.54461,128.4191,'우포늪은 우리나라 최대의 자연늪지이다. \'늪\'이라고 하면 가장 규모가 큰 우포늪뿐만 아니라 목포, 사지포, 쪽지벌 등 네 개의 늪을 모두 아우른다. 이 늪지대는 경남 창녕군의 유어·이방·대합면 등 3개면에 걸쳐 있는데, 둘레는 7.5㎞에 전체면적은 2,314,060m²에 이른다. 이곳에 늪지가 처음 형성되기 시작한 것은 1억 4,000만 년전이라고 한다. 공룡시대였던 중생기 백악기 당시에 해수면(海水面)이 급격히 상승하고 낙동강 유역의 지반이 내려앉았다. 그러자 이 일대에서 낙동강으로 흘러들던 물이 고이게 되면서 곳곳에 늪지와 자연호수가 생겨났고, 새로 생긴 호수와 늪은 당시 지구의 주인이던 공룡들의 놀이터가 되었다. 현재 우포늪 인근의 유어면 세진리에는 그 당시 것으로 추정되는 공룡발자국화석이 남아있다. 우포늪은 아무리 깊어도 사람의 온몸이 잠기는 데가 거의 없다. 장마철에는 수심이 5m에 이르기도 하지만 평소에는 1~2m를 유지하기 때문이다. 또한 늪의 바닥에는 수천만 년 전부터 숱한 생명체들이 생멸(生滅)을 거듭한 끝에 쌓인 부식층(腐植層)이 두터워서 개펄처럼 발이 푹푹 빠지지도 않는다. 억겁을 세월을 간직한 이 부식층이 있기에 우포늪은 \'생태계의 고문서\', 또는 \'살아있는 자연사박물관\'이라고 불린다.',3,'https://i7d110.p.ssafy.io/api/image/download/tripplace9.jpg'),(44,'신선대 전망대','경상남도 거제시 남부면 갈곶리 산 21-19',34.7375,128.6648,'도장포 마을 우측에 폐교된 초등학교 분교 옆 오솔길로 내려가면 신선대가 나온다. 신선대는 바닷가에 큰 바위가 자리를 틀어잡고 있는 형상인데 그 주변의 해안경관과 더불어 경치가 아름다운 곳이다. 오른쪽 아래로 돌틈이, 함목 해수욕장이 보이고 점점이 떠 있는 섬들과 탁 트인 푸른 바다를 볼 수 있는 곳이다. 신선대전망대는 해금강 가는길 오른쪽에 있으며 자동차로 접근하기 용이하며 표지판에 섬들의 이름과 사진촬영하기 좋은 곳이란 글귀가 눈에 뛴다. 주위에는 오색바위와 멀리 다도해 풍경이 바라다 보인다. 각종 드라마나 유명 예능, CF 광고 촬영지로도 유명하다. 학동을 지나 해금강 마을 가는 길목에 위치하고 있다. 영화 \'범죄의 재구성\'을 보면, 영화 속 주인공 최창혁, 최창호 (박신양 1인2역) 형제의 고향으로서, 그곳에 멋진 펜션을 만든다는 꿈을 그리며 방안에 붙여놓은 파노라마 사진이 바로 이 곳이다.',3,'https://i7d110.p.ssafy.io/api/image/download/tripplace10.jpg'),(45,'남해양떼목장','경상남도 남해군 삼동면 금암로 179-45',34.79058,128.0242,'남해 최초의 양떼목장인 양모리학교와 지향점을 같이하는 남해 양떼목장 양마르뜨언덕은 약 19,000 ㎡의 푸른 초원이 펼쳐진 체험목장이다. 독일마을 가까운 곳에 위치한 양마르뜨언덕은 푸른 목초지와 초원 산책로, 푸른 숲과 깨끗한 계곡까지 흘러 다양한 즐거움이 있는 곳이다. 그리고 듬직한 양몰이 견인 엘리트 \'모스\'와 사고뭉치 \'감동이\'의 날렵한 양몰이 쇼도 즐길 수 있다. 입장료에 포함된 모이는 1회 리필이 가능하며 귀여운 양 떼들이 있는 목장 안에서 직접 먹이도 주고 만져볼 수도 있으며 함께 사진도 찍을 수 있다. 근처에 남해여행 핫플레이스인 독일마을과 원예예술촌, 바람흔적미술관, 편백자연휴양림 등이 있다.',3,'https://i7d110.p.ssafy.io/api/image/download/tripplace11.jpg'),(46,'원예예술촌','경상남도 남해군 삼동면 예술길 39',34.80365,128.0361,'원예예술촌 HOUSE N GARDEN은 탤런트 박원숙씨를 비롯해 원예인들 뜻을 같이하여 평생의 꿈으로 품어온 아름다운 정원과 예쁜 마을을 만들었다.누군가가 꿈꿔온 바로 그 집, 그 정원이 이곳에서 발견될 것을 보람으로 바라보면서 집을 짓고 정원을 조성하였다.몇년에 걸친 수고 끝에 향기, 야자수, 조각 석부작, 타피어리, 채소, 풍차, 스파, 꽃지붕 등을 테마로 한 개인정원과 오솔길, 연못, 전망테크, 팔각정, 분수, 꽃길, 꽃울타리, 온실 등이 아름답게 완성되어가고 있다.무르익으려면 조금 더 시간이 필요하지만, 현대인들을 향한 그린 라이프 제안서로 제출한다. 아울러 최신시설의 영상실, 공연장, 전시실, 체험실, 카페, 게스트 하우스로 잘 갖추어져 편의를 제공한다.',3,'https://i7d110.p.ssafy.io/api/image/download/tripplace12.jpg'),(47,'동피랑','경상남도 통영시 동피랑1길 6-18 (동호동)',34.8453,128.4276,'\'동피랑\'이라는 이름은 \'동쪽\'과 \'비랑\'이라는 말이 합쳐져서 생겼다. \'비랑\'은 \'비탈\'의 통영 사투리인데 그 앞에 \'동쪽\'을 나타내는 말 중 \'동\'만 떼어 붙인 것으로 그래서 사람들은 \'동피랑\'이 라고 부르게 된 것이다. 푸른 통영21 추진협의회는 2007년 10월 전국적으로 동피랑길에 그림 그릴 사람들을 모았다. 그 사람들이 마을 담과 벽 길 등에 온통 그림을 그렸고 바닷가 언덕마을이 그림으로 다시 태어난 것이다. 동피랑 골목길은 그 갈래가 수십 개다. 그 모든 골목에 그림이 있고 하늘과 맞닿은 마을, 그 곳에 그려진 그림은 마을을 동화나라로 만들기에 충분하다. 또 마을에서 내려다 보는 강구안 바다 풍경도 볼만 하다.',3,'https://i7d110.p.ssafy.io/api/image/download/tripplace13.jpg'),(48,'해저터널','경상남도 통영시 당동',34.83582,128.4112,'통영해저터널은 통영과 미륵도를 연결하기 위해 건설된 해저터널이다. 1931년부터 1932년까지 1년 4개월에 걸쳐 만들어진 동양 최초의 바다 밑 터널로 길이 483m,너비 5m, 높이 3.5m이다. 그 전의 미륵도는 밀물 때는 섬이 되고, 썰물때는 도보로 왕래할 수 있었다. 일제강점기에 일본 어민의 이주가 늘면서 이동을 편하게 하기 위하여 해저터널을 만들게 된 것이다. 양쪽 바다를 막고 바다 밑을 파서 콘크리트 터널을 만든 것으로 터널 입구에 쓰여 있는 \'용문달양(龍門達陽)\'은 \'섬과 육지를 잇는 해저도로 입구의문\'이라는 뜻이다. 통영시내 당동 쪽 터널 입구에 관광안내소가 있다. 터널 내부는 포장된 경사로이며 약 483m 길이이다. 안쪽에 통영 관광 명소들에 대한 소개 판넬이 전시되어 있다. 콘크리트 구조로 약간 음침한 분위기이지만, 우리 역사의 애환을 담고 있는 장소이다.',3,'https://i7d110.p.ssafy.io/api/image/download/tripplace14.jpg'),(49,'소매물도','경상남도 통영시 한산면 소매물도길 65 (한산면) 일대',34.62891,128.5489076,'소매물도와 등대섬의 기암괴석과 총석단애가 특히 절경이며, 썰물일 때는 이 두점이 연결되어 건너다닐 수 있다. 용바위, 부처바위, 거북바위, 촛대바위, 글씽이굴은 대자연의 걸작품이다. 볼거리를 하나 더 추가한다면 등대섬에서 소매물도를 바라보면 기암괴석으로 이어진 바위 전체가 거대한 공룡이 앉아 있는 형상을 하고 있어 소매물도의 또 다른 멋을 느낄 수 있다. 또한, 남매바위는 두 바위가 남매처럼 아래위로 있는 것에서 유래되어 쌍둥이 남매의 애틋한 사랑의 전설이 전해지고 있다. 위에 있는 바위가 조금 크고 검다고 해서 숫바위, 아래에 있는 바위를 암바위라고 한다.',3,'https://i7d110.p.ssafy.io/api/image/download/tripplace15.jpg'),(50,'해인사','경상남도 합천군 가야면 해인사길 122 (가야면)',35.801,128.0978,'우리나라 3대 사찰의 하나로 신라 애장왕 3년(802)에 순응, 이정 두 스님이 창건하였으며, 화엄경의 해인삼매에서 연유되어 법보종찰로도 유명하다. 고려 태조는 이 절에 머물렀던 희랑이 후백제 견훤을 뿌리치고 도와준 것에 대한 보답으로, 이 절을 고려의 국찰로 삼고 전지 500결을 하사했다. 해인사는 법보종찰이요, 화엄십찰의 하나이다. 최치원의 가야산 해인사선안주원벽기에 의하면 해인사는 순응, 이정 스님에 의하여 신라 애장왕 3년(802)에 창건되었는데, 그때 왕의 조대비 성목태후가 대시주였다고 한다. \'해인\'이란 화엄경의 \'해인삼매\'에서 유래된 것으로 해인사는 화엄사상을 천명하고자 이루어진 도장이다. 해인사를 우리나라 삼보사찰의 하나인 법보사찰이라 부르는 것은 해인사 대장경판전에 고려대장경판인 법보가 보관되어 있기 때문이다. 해인사에는 대장경판전, 대적광전, 명부전, 독성각, 응진전, 응향각, 퇴설당, 해행당, 심검당, 궁현당, 경학원, 적묵당, 관음전, 구광루, 보경당, 대장경보전연구소, 명월당. 사운당, 청화당, 범종각, 우화당, 해탈문, 천왕문, 일주문 등 많은 전당이 있다. 부속암자로서는 원당암을 비롯하여 홍제암, 용탑선원, 백련암, 지족암, 희랑대, 삼선암, 금선암, 약수암, 국일암, 보현암, 금강굴, 길상암, 고운암, 간월암, 청량사 등이 있다.',3,'https://i7d110.p.ssafy.io/api/image/download/tripplace16.jpg'),(51,'합천 영상테마파크','경상남도 합천군 용주면 합천호수로 757',35.54876,128.0718,'오늘은 나도 영화 속 주인공!\n골목마다 독특한 분위기와 볼거리가 가득한 이곳은 1920년대에서 1980년대를 배경으로 하는 드라마, 영화, 뮤직비디오 등 190여 편의 촬영장이 되었다. 전차, 마차 등을 이용해 둘러 볼 수도 있고 보이는 곳마다 사진 찍기도 좋다.',3,'https://i7d110.p.ssafy.io/api/image/download/tripplace17.jpg'),(52,'진양호','경상남도 진주시 판문동 일대(경호강,덕천강 합류지점)',35.17448,128.037393,'진양호는 경호강과 덕천강이 만나는 곳에 위치한 인공호수로 유역면적 2,285㎢, 저수량 1억 3,600만톤으로 7년 6개월의 공사기간을 거쳐 1970년에 준공되었으나 현재는 저수량 3억 1,000만톤 규모의 댐 보강공사가 1999년 10월로 완공되었다. 기타 부대시설을 포함한 전체 보강 사업 준공도 2000년 12월 완공되었다.이로써 홍수조절과 생활 및 공업용수 공급은 물론 연간발전량은 4,000만kw에서 4,130만kw로 늘어났다. 주변에는 물홍보 전시관, 선착장을 비롯하여 동물원, 어린이 동산, 호텔,여관, 식당 등 위락시설을 갖추고 있다.',3,'https://i7d110.p.ssafy.io/api/image/download/tripplace18.jpg'),(53,'미륵산','경상남도 통영시 봉수돌샘길 115 (봉평동)',34.8102,128.4184,'통영시 남쪽, 미륵도 중앙에 우뚝 솟은 위풍당당한 산이 미륵산(458.4m)이다. 미륵산을 용화산(龍華山)이라 부르기도 하는데 이 산에 고찰 용화사가 있어 그렇게 부른다고도 하고, 또 이 산은 미륵존불(彌勒尊佛)이 당래(當來)에 강림하실 용화회상(龍華會上)이라 해서 미륵산과 용화산을 함께 쓴다고도 한다. 미륵산 자락에는 고찰 용화사와 산내 암자 관음암, 도솔암이있고 효봉문중(曉峰門中)의 발상지 미래사(彌來寺)가 있다. 미륵산은 그리 높은 산은 아니지만 명산으로서 덕목을 두루 갖추고 있어 울창한 수림 사이로 맑은 물이 흐르는 계곡이 있고 갖가지 모양의 기암 괴석과 바위굴이 있다. 고찰과 약수, 봄 진달래와 가을 단풍이 빼어나고 산정에 오르면 한려해상의 다도해 조망이 표현할 수 없을 정도로 아름답게 보이며, 청명한 날에는 일본 대마도가 바라다 보인다.',3,'https://i7d110.p.ssafy.io/api/image/download/tripplace19.jpg'),(54,'거제 외도 보타니아','경상남도 거제시 일운면 외도길 17',34.76929,128.7117,'1971년에 당시 통영군 용남면과 거제군 사등면 사이의 견내량해를 잇는 거제대교가 세워졌다. 이 교량의 등장으로 인해 거제도는 섬 신세에서 완전히 벗어났다. 우리나라에서 두 번째로 큰 섬인 거제도는 한려해상국립공원을 동부와 남부에 끼고 있어 사철 아름다운 풍광을 자랑한다. 외도해상농원은 30년 전 한 개인이 섬을 사들여 정성을 들여 관광농원으로 꾸며, 현재는 약 4만 5천여평의 동백숲이 섬 전체를 덮고 있으며, 선샤인, 야자수, 선인장 등 아열대식물이 가득하고 은환엽유카리, 스파리티움, 마호니아 등 희귀식물이 눈길을 끈다. 편백나무 숲으로 만든 천국의 계단과 정상의 비너스 공원도 이채롭다. 연산홍이 만발하는 4월에는 화려한 섬으로 변신하기도 한다. 동백, 대나무, 후박나무 등 자생식물로 이루어진 숲엔 동백새, 물총새 등이 둥지를 틀고 있다. 또한, 최근에는 공룡발자국 화석(지방문화재 204호)이 발견되어 이채롭다. 전망대 휴게실에서는 해금강을 바라보며 차를 마실 수 있고 악동들의 얄궂은 모습을 담은 조각공원, 야외음악당 등도 있다. 해금강과 연계하여 유람할 수 있으며, 숙박시설은 없고 간단한 식사를 할 수 있는 스낵코너가 있다.',3,'https://i7d110.p.ssafy.io/api/image/download/tripplace20.jpg'),(55,'수선사','경상남도 산청군 산청읍 웅석봉로154번길 102-23',35.39907,127.8699098,'지리산 웅석봉 아래 자리 잡은 산청 수선사는 전통문화와 자연환경 그리고 현대 감성이 공존하는 특별한 공간이다. 수선사는 정갈하면서도 단아한 풍경을 자랑하는데, 특히 연못과 정원이 아름다운 사찰로서 사람들에게 마음의 안식처이자, 힐링할 수 있는 장소로 알려져 있다.',3,'https://i7d110.p.ssafy.io/api/image/download/tripplace21.jpg'),(56,'산청 전 구형왕릉','경남 산청군 금서면 화계리 709',35.44934,127.8006,'가야 10대 임금인 구형왕의 무덤으로 전해지고 있는 돌무덤으로, 구형왕은 구해(仇亥) 또는 양왕(讓王)이라 하는데 김유신의 할아버지이다. 521년 가야의 왕이 되어 532년 신라 법흥왕에게 영토를 넘겨줄 때까지 11년간 왕으로 있었다. 이 무덤을 둘러싸고 석탑이라는 설과 왕릉이라는 2가지 설이 있었다. 이것을 탑으로 보는 이유는 이와 비슷한 것이 안동과 의성지방에 분포하고 있는데 근거를 두고 있다. 왕릉이라는 근거는 『동국여지승람』, 『산음현 산천조』에 \'현의 40리 산중에 돌로 쌓은 구룡이 있는데 4면에 모두 층급이 있고 세속에는 왕릉이라 전한다\'라는 기록이 있다. 이 무덤에 왕명을 붙인 기록은 조선시대 문인인 홍의영의 『왕산심릉기』에 처음 보이는데 무덤의 서쪽에 왕산사라는 절이 있어 절에 전해오는 『왕산사기』에 구형왕릉이라 기록되었다고 하였다. 일반무덤과는 달리 경사진 언덕의 중간에 총 높이 7.15m의 기단식 석단을 이루고 있다. 앞에서 보면 7단이고 뒷면은 비탈진 경사를 그대로 이용하여 만들었기 때문에 평지의 피라미드식 층단을 만든 것과는 차이가 있다. 무덤의 정상은 타원형을 이루고 있다. 돌무덤의 중앙에는 \'가락국양왕릉\'이라고 쓰인 비석이 있고 그 앞에 석물들이 있는데 이것은 최근에 세운 시설물이다. 조선 정조 17년(1793)에는 왕산사에서 전해오던 나무상자에서 발견된 구형왕과 왕비의 초상화, 옷, 활 등을 보존하기 위해 \'덕양전\'이라는 전각을 짓고, 오늘날까지 봄과 가을에 제사를 지내고 있다.',3,'https://i7d110.p.ssafy.io/api/image/download/tripplace22.jpg'),(57,'홍룡사','경상남도 양산시 상북면 홍룡로 372',35.3972,129.0863,'홍룡사는 \'천명의 성인이 나툰\' 천성산 계곡에 앉아 있다. 산 주변에는 신라 고찰인 통도사와 내원사가 있지만, 한곳은 조계종 교구본사라는 점 때문에 다른 한곳은 비구니 수행도량이라는 점 때문에 시민들의 발길이 쉬 머물지 못한다. 반면 홍룡사에는 불자나 일반시민 모두 세속의 짊을 잠시 벗고서 머물 수 있는 삶의 여백이 있어 좋다. \'물이 떨어지며 피어나는 무지개\'로 풀이되는 \'홍룡사\'에 가면 염리심(厭離心)이 절로 난다. \'깨달음(佛)을 챙긴다(念)\'라는 선(禪)의 의미보다는 그저 마음이 가라앉고 고요한 평안을 느끼는 상태, 다시말해 \'세속의 흐름에 들뜨는 것을 달갑게 여기지 않는 염리심에 감응하기 때문인 것 같다. 홍룡사 아래쪽은 수량이 풍부한 골짜기 다섯 가닥이 모여 물도 넉넉하고, 곳곳에 너럭바위가 널려 있을 뿐 아니라 숲도 적당히 우거져 있는 등 계곡 풍광 또한 뛰어나 여름철이면 물놀이 피서객들로 인기를 끌고 있는 곳이기도 하다. 사명(寺名)에서 터에 이르기까지 물과 깊게 관련되어 있는 홍룡사는, 그래서 관음도량이다. 폭포 옆으로 백의관음이 봉안된 관음전이 있고, 선방으로 이용하고 있는 무설전에는 천수천안관음보살이 봉안되어 있다. 홍룡사의 관음보살 중에는 폭포에 현현(顯現)한다는 낭견관음보살도 있다고 하는데, 1천여년 동안 감로수를 쏟아낸 폭포와 인접한 곳에 관음도량이 들어선 것은 어찌보면 당연한 일이 아닌가 싶다.',3,'https://i7d110.p.ssafy.io/api/image/download/tripplace23.jpg'),(58,'함안연꽃테마파크','경남 함안군 가야읍 가야리 233-1',35.28047,128.3948,'함안 연꽃 테마파크는 옛 가야 지구의 천연 늪지를 활용해 만든 자연 친화적인 테마공원이다. 공원의 탄생 배경에는 700여 년 세월을 거슬러 올라가는 이야기가 있다. 2009년 5월 함안 성산산성(사적 제67호)에서 연꽃 씨앗이 출토되었는데, 연꽃 씨앗은 연대 추정 상 700여 년 전 고려 시대 것으로 밝혀졌다. 이듬해 2010년에 함안박물관에서 파종한 씨앗이 꽃을 피우는 기염을 토하며 또 한 번 세상을 놀라게 했다. 함안군은 이 연꽃의 이름을 아라가야라는 함안 역사에서 따와 \'아라홍련\'이라 지었다. 그리고 아라홍련의 부활을 기념해 연꽃을 주제로 한 공원을 조성한 것이 바로 함안 연꽃 테마파크다. 연꽃 주제 공원답게 홍련, 백련, 수련, 가시 연까지 다양한 연꽃을 감상할 수 있다. 특히 함안에서만 볼 수 있는 아라홍련도 있다. 연꽃의 개화 시기는 7월부터 8월까지이며, 연꽃 사이로 징검다리가 있어 가까이에서 꽃을 감상할 수 있다. 또한 곳곳에 포토존과 정자 쉼터가 마련되어 있어 여유 있게 즐길 수 있다.',3,'https://i7d110.p.ssafy.io/api/image/download/tripplace24.jpg'),(59,'대원사','경상남도 산청군 삼장면 평촌유평로 453',35.35568,127.8071,'지리산의 천왕봉 동쪽 아래에 신라 제 24대 진흥왕 9년(548년)에 연기조사가 창건하여 평원사라고 했다. 그 뒤 1 천여년 동안 폐쇠되었던 것을 조선조 숙종 11년에 운권선사가 문도들을 데려와 평원사의 옛 절에 사찰을 건립, 대원암이라 개창하고 선불간경도량을 개설하여 영남의 강당이 되었다. 조선조 고종 27년에 혜흔선사의 암자가 무너져 크게 증건하 였다. 서쪽에는 조사영당을 보수, 동쪽에는 방장실과 강당을 건립하여 대원사라 개칭하고 큰스님을 초청하여 설교를 하니 전국위 수행승들이 모여들었다고 한다. 1914년1월12일 밤에 다시 불로 절이 모두 타버린 것을 여러 스님들이 다시 중창하여 1917년 전(殿), 누(樓), 당(當), 각(閣), 요사채 등 12동 184칸의 건물을 지었다. 여순반란사건과 한국전쟁 등으로 폐허가 되어 방치되다가 1955년 9월에 비구니 법일(法一)화상이 주지로 임명되어 1986년까지 대웅전, 사리전, 천광전, 원통보전, 봉상루, 범종각, 명부전을 지어 오늘에 이르고 있다.절 부근에는 옛적 선비들이 수학했다는 거연정(居然亭), 군자정(君子亭)이 있다.',3,'https://i7d110.p.ssafy.io/api/image/download/tripplace25.jpg'),(60,'감천문화마을','부산광역시 사하구 감내2로 203',35.0963,129.0094,'감천문화마을은 1950년대 6.25 피난민의 힘겨운 삶의 터전으로 시작되어 현재에 이르기까지 부산의 역사를 그대로 간직하고 있는 곳이다. 산자락을 따라 질서정연하게 늘어선 계단식 집단 주거형태와모든 길이 통하는 미로같은 골목길의 경관은 감천만의 독특함을 보여준다.<부산의 낙후된 달동네였지만 문화예술을 가미한 도시재생사업을 추진하면서 지금은 연간 185만명의 국내외 관광객이 다녀가는 대표 관광명소가 되었다. 산비탈을 따라 계단식으로 들어선 아름다운 파스텔톤의 집들과 미로와 같은 골목길이 있어 한국의 마추픽추, 산토리니로 불린다. 2016년 대한민국 공간문화대상 최고상인 대통령상을 수상하기도 했다.감천문화마을에서는 아름다운 자연과 어우러진 그림같은 마을의 풍경을 즐기면서, 골목골목 설치된 다양한 형태의 작품을 감상할 수 있으며, 감천문화마을 내 입주작가들의 공방을 통해 다양한 공예 체험도 가능하여 관광객들이 끊임없이 찾고 있다.',3,'https://i7d110.p.ssafy.io/api/image/download/tripplace26.jpg'),(61,'송도해수욕장','부산광역시 서구 송도해변로 100',35.07527,129.0165,'백사장 길이 800m, 너비 50m, 평균수심 1~1.5m. 부산 자갈치시장에서 3km 떨어진 곳에 위치하며, 부산에서 제일 먼저(1913년) 개장한 해수욕장이다. 2000년부터 5년여 간 정비사업을 펼쳐 줄어든 백사장을 확장하고 분수대 등을 설치하며 해변공원이 되었다. 주위에 수산시장과 암남공원 등이 있다.1913년 부산에서 최초로 개발된 해수욕장 구역으로, 1996년 4월, 군사보호구역에서 개방된 도시 자연공원인 암남공원과 바다낚시로 유명한 두도공원으로 연결된 송도는 울창한 원시림과 자연 그대로 보존된 기암괴석, 그리고 부산의 상징인 갈매기와 멀리 영도를 배경으로 한 조용한 바다정경이 장관인 곳이다. 주변에 다양한 숙박시설과 먹을거리를 갖추고 있으며 구름다리, 산책로, 보트장, 주차장 등 편의시설이 잘 갖추어져 있다. 송도 해안의 암남공원은 해안 생태 공원으로 송도 해안과 부산 남항을 한눈에 담을 수 있는 전망대, 3.8km의 산책로, 도로변 카페, 횟집들이 즐비한 곳이다. 부산시 서구 부민동 3가에는 한국전쟁 중 부산이 임시 수도였을 때 3년 동안 대통령 관저로 사용된 임시수도기념관이 있다. 송도는 이처럼 격변의 역사를 보낸 서구 암남동 장군반도 남단에 자리잡고 있다.',3,'https://i7d110.p.ssafy.io/api/image/download/tripplace27.jpg'),(62,'블루라인파크','부산광역시 해운대구 청사포로 116 (중동)',35.16122,129.1914,'해운대 블루라인파크는 해운대 미포~청사포~송정에 이르는 4.8km 구간의 동해남부선 옛 철도시설을 친환경적으로 재개발하여, 수려한 해안절경을 따라 해운대 해변열차와 해운대 스카이캡슐을 운행하는 국제 관광도시 부산, 해운대 관광특구의 핵심 관광 시설이다. 해운대 해변열차는 아름다운 동부산의 수려한 해안절경을 감상하면서 해운대 미포에서 청사포를 거쳐 송정까지 왕복으로 운행하는 교통수단을 겸비한 관광열차며, 해운대 스카이캡슐은 신비로운 해안절경을 7~10m 공중 레일에서 관람하면서 해운대 미포에서 청사포까지 2Km구간을 자동으로 운행하는 낭만적인 4인승 캡슐이다.',3,'https://i7d110.p.ssafy.io/api/image/download/tripplace28.jpg'),(63,'울산 간절곶 소망길','울산광역시 울주군 서생면 나사리',35.35472,129.3429,'간절곶 소망길은 한반도에서 제일 먼저 새해를 여는 \'간절곶\'의 명칭과 해맞이를 통해 한 해의 \'소망\'을 기원하는 바람의 의미를 담아 만들어진 해안 길이다. 진하 명선교에서 시작하여 남쪽 해안을 따라 신암항까지 10km 구간이며, 사랑, 낭만, 행복 등 다섯 가지 테마의 코스로 이루어져 있다. 간절곶 소망길에는 우리나라에서 가장 먼저 일출을 볼 수 있는 간절곶을 비롯해 동해안의 절경이 펼쳐지는 다양한 볼거리가 있어 가볍게 둘러보기 좋다. 5m 높이를 자랑하는 소망우체통은 1970년대에 사용된 옛 우체통을 본떠 2006년에 제작된 것으로 실제로 우편물 수거가 이루어지는 진짜 우체통이다. 근처 매점이나 카페에 무료 엽서가 비치되어 있으니 친구나 가족에게 기념엽서를 보내보는 것도 좋다. 우체통 뒤로는 \'아름다운 등대 16경\'에 선정된 간절곶 등대가 서 있고, 큰 날개를 편 풍차가 해안 길의 운치를 더해 준다. 북쪽 끝자락엔 드라마 \'메이퀸\'에 등장한 드라마하우스를 만나볼 수 있고, 그 앞 대송항의 방파제 끝에는 연인을 위한 프러포즈 등대가 있다. 등대에 서면 음악과 팡파르가 흘러나와 낭만적인 분위기를 연출한다.',3,'https://i7d110.p.ssafy.io/api/image/download/tripplace29.jpg'),(64,'장생포 모노레일','울산광역시 남구 장생포고래로 246',35.5029,129.3813,'장생포 모노레일은 울산 장생포 고래 관광단지에 위치하고 있고 고래박물관을 출발해 고래문화마을과 5D입체영상관을 거쳐 다시 박물관으로 돌아오는 총 1.3km 순환형 노선으로 지상 3~5m에서 장생포 앞바다, 고래문화마을, 울산대교, 울산공단 등을 한눈에 조망할 수 있다.봄에는 레일 밑으로 가득찬 벚꽃나무를 여름에는 푸른 나무의 생생함을 가을에는 단풍의 형형색색과 겨울에는 눈꽃 가득한 나무 숲을 감상할 수 있어 자연과 산업관광을 동시에 즐길수 있다.',3,'https://i7d110.p.ssafy.io/api/image/download/tripplace30.jpg'),(65,'주전 어촌체험마을','울산광역시 동구 새싹길 23 주전어촌체험마을안내센터',35.55911,129.4561,'200여년 역사의 전통 농,어촌마을인 주전마을은 18C(조선정조)부터 주전(朱田)이란 명칭을 사용해 오고 있다. 지난 30여간 GB지역으로 지정, 울산의 타 지역과는 비교할 수 없을 정도의 깨끗한 자연환경을 구비하고 있으며, 해발 500여m의 봉대산을 넘는 주전고개가 유일한 관문이었으나, 최근 마성터널 개통으로 인해 접근성이 향상되어 도심속의 휴양지로 주목받고 있다. 동해의 주전해변(3km)을 따라 7개의 소마을, 300여 가구가 마을을 형성하고 있으며 지방도 1,027호를 기준으로 산지쪽은 농업, 해안쪽은 어업이 이루어지고 자연학습장, 봉대산공원, 주전생태하천, 몽돌해변 등의 우수한 관광지가 자리잡고 있다.',3,'https://i7d110.p.ssafy.io/api/image/download/tripplace31.jpg'),(66,'공룡발자국 공원','울산광역시 중구 유곡동 259-2',35.56277,129.3059,'울산광역시 중구 유곡동에 있는 공룡 테마 공원이다. 이곳에서 약 1억 년 전 전기 백악기 시대의 육식 공룡 마니랍토라의 발자국 3개와 초식 공룡 코레아노사우로푸스 발자국 77개 등이 발견되었다. 보존 상태가 양호하여 2000년 11월 9일 울산광역시 문화재자료 제12호로 지정하고 공룡발자국공원을 조성한 것이다. 총 31,042㎡의 넓은 부지에 산책로와 휴게 공간이 있다. 입구에는 공룡 뼈 모양의 게이트와 실제 공룡 발자국을 본떠 만든 모형이 있고, 산책로를 따라가면 공룡 발자국이 있는 바위를 볼 수 있다. 공원 곳곳에 티라노사우루스와 타르보사우루스, 하드로사우루스 등 총 4마리의 공룡 모형이 배치되어 있고, 공룡의 알 모형을 이용하여 공룡의 둥지가 만들어져 있으며 공룡 해설 프로그램도 운영하고 있다. 또한, 어린이들이 직접 공룡 화석을 발굴해 볼 수 있는 화석발굴놀이터, 공룡 알 포토존, 공룡 발자국화석 이야기를 담은 공룡 조형물, 공룡 머리 모양 문과 벤치 등도 마련되어 있어 어린이와 함께 나들이하기 좋은 장소이다.',3,'https://i7d110.p.ssafy.io/api/image/download/tripplace32.jpg'),(67,'산내들패밀리어드벤처파크','경상북도 김천시 지례면 부항로 109-38 (지례면)',37.68912,129.0362,'경북 김천시 지례면, 부항댐 아래에 자리 잡고 있는 산내들 패밀리어드벤처파크는 `물`을 테마로한 자연 친화형 놀이공원으로 도심에서 접하기 어려운 카약, RC카 레이싱,드론, 물놀이 및 각종 체험 프로그램등을 온 가족이함께 글램핑을 즐기면서 접할 수 있는 테마형 놀이공원이다.부항댐의 수려한 자연 경관과 어우러진 최고시설의 글램핑장은 물론 국내최초로 약500미터 길이의 초대형 인공 수로에서 즐기는 카약 체험장, 국제규모의 F1 레이싱 코스를 본딴 R/C카 레이싱 서킷 및 드론 레이싱 코스를 갖추고 있다.또한 고가의 카약, GPS 장착 FPV드론 및 R/C카는 모두 대여가 가능 함으로 합리적인 가격으로 온 가족이 부담없이 함께하는 더 없이 좋은 놀이와 체험의 장이 될 것이다.주변 시설로는 인조잔디 축구장, 농구코트, 게이트볼장 및 물놀이장을 갖추고 있어 어린이 뿐 아니라 남녀노소 누구에게나 즐거움을 선사해줄 최고의 공간이 될 것이다.',4,'https://i7d110.p.ssafy.io/api/image/download/tripplace33.jpg'),(68,'양동마을','경상북도 경주시 강동면 양동마을길 134',37.68912,129.0362,'양동 민속마을은 조선시대 전통문화와 자연을 고스란히 간직하고 있는 한국 최대 규모의 집성촌으로 월성 손 씨와 여강 이 씨에 의해 형성되었다. 국보, 보물, 민속자료 등 많은 문화재를 간직하고 있어 마을 전체가 문화재(국가민속문화재)로 지정되었는데, 마을의 규모 및 보존상태, 문화재의 수와 전통성, 그리고 아름다운 자연환경과 때 묻지 않은 향토성 등 볼거리가 많아 1993년 영국의 찰스황태자도 이곳을 방문한 바 있다. 또한 옛 명문대가의 영광스러운 자취와 선조들의 삶이 배어있는 200년 이상된 고가 54호가 보존되어 있어 조선 중기 이후의 다양하고 특색있는 우리나라 전통가옥 구조를 한눈에 볼 수 있다. 사전에 마을의 배치와 답사 코스를 파악하고 문화재의 소재를 확인한 후 답사하는 것이 좋다. 단, 마을을 둘러볼 때는 집안에 살고 있는 분들에게 폐가 되지 않도록 배려하면 더욱 좋을 것이다.',4,'https://i7d110.p.ssafy.io/api/image/download/tripplace34.jpg'),(69,'월영교','경상북도 안동시 상아동',36.57662,128.7609,'월영교란 명칭은 시민의 의견을 모아 댐 건설로 수몰된 월영대가 이곳으로 온 인연과 월곡면, 음달골이라는 지명을 참고로 확정되었다. 낙동강을 감싸듯 하는 산세와 댐으로 이루어진 울타리 같은 지형은 밤하늘에 뜬 달을 마음속에 파고들게 한다. 천공으로부터 내려온 달을 강물에 띄운 채 가슴에 파고든 아린 달빛은 잊힌 꿈을 일깨우고 다시 호수의 달빛이 되어 아름다운 기억으로 남아 있으려 한다. 월영교는 이런 자연풍광을 드러내는 조형물이지만, 그보다 이 지역에 살았던 이응태부부의 아름답고 숭고한 사랑을 오래도록 기념하고자 했다. 먼저 간 남편을 위해 아내의 머리카락으로 만든 한 켤레 미투리 모양을 이 다리 모습에 담았다. 그들의 아름답고 애절한 사랑을 영원히 이어주고자 오늘 우리는 이 다리를 만들고 그 위에 올라 그들의 숭고한 사랑의 달빛을 우리의 사랑과 꿈으로 승화시키고자 한다.',4,'https://i7d110.p.ssafy.io/api/image/download/tripplace35.jpg'),(70,'안동 하회마을','경상북도 안동시 풍천면 하회종가길 2-1',36.54079,128.5228,'안동 하회 마을은 더이상 설명이 필요 없을 정도로 유명한 민속 마을이다. 낙동강이 마을을 휘감아 돌아가며 물돌이 마을을 이루고 있는 하회마을은 풍산 류씨의 집성촌으로 지금도 마을주민의 70%가 류씨이다.  서애 류성룡의 임진왜란 회고기인 \'징비록\'과 하회탈 이 국보로 지정되어 있으며, 보물이 4점, 중요민속자료가 10점, 사적 1곳 등이 있고, 1984년에는 마을 전체가 중요민속자료로 지정이 되었다.하회탈춤으로 이름이 알려진 별신굿 탈놀이는 중요무형문화재로 서낭신을 즐겁게 하기 위해 행하던 탈놀이다. 국내 탈춤중 가장 오래 되었고, 1928년 일본 감점기때 강제로 중지 되었다가 이후 다시 복원 되었다. 고택중 양진당이라는 입암고택은 풍산류씨 겸암파의 대종택으로 보물이다. 사랑채는 고려시대의 건축양식을 가지고 있으며, 안채는 조선의 건축양식을 가지고 있는 고려와 조선의 건축양식이 공존하는 고택이다. 하회마을, 또 하나의 보물인 충효당은 보물로 서애의 문하생들이 장손 류원지를 도와서 지었고, 증손자 류의하에 의해 중수된 조선시대 사대부 양식의 고택이다. ',4,'https://i7d110.p.ssafy.io/api/image/download/tripplace36.jpg'),(71,'문경새재도립공원','경상북도 문경시 문경읍 새재로 932 (문경읍)',36.76190355,128.0767,'백두대간의 조령산 마루를 넘는 새재는 예로부터 한강과 낙동강 유역을 잇는 영남대로 상의 가장 높고 험한 고개였다. 새도 날아서 넘기 힘든 고개, 억새풀이 우거진 고개, 또는 하늘재와 이우리재 사이, 새로 된 고개 등의 뜻으로 새재라는 이름이 지어졌다. 임진왜란 이후, 이곳에 주흘관, 조곡관, 조령관 등 3개의 관문(사적 제147호)을 설치하고 국방의 요새로 삼았다. 문경읍에서 서북쪽으로 깊은 협곡을 따라 3.5km 가면 조선 숙종 34년 (1708년)에 쌓은 영남 제 1관문인 주흘관문에 이르며, 3km 더 가면 제 2관문인 조곡관, 이곳에서 3.5km 떨어진 곳에 제 3관문인 조령관이 있다. 이 일대를 1981년 도립공원으로 지정했다. 문경의 3관문을 품고 있는 주흘산(1,106m)은 관문까지의 험한 계곡에 이루어진 풍치가 매우 뛰어나며, 여궁폭포, 혜국사, 용추, 원터, 교귀정 등의 명소가 있다. 최근에는 KBS 촬영장이 들어서 관광명소로 거듭나고 있다. 경복궁, 광화문, 사정전, 동궁전, 궐내각사, 양반집, 초가집 등에서 대왕세종 촬영장을 감상하실 수가 있다. 또한 선덕여왕과 SBS 제중원, KBS 추노, 넷플릭스 킹덤 등이 촬영되어 드라마 장소를 볼 수 있는 곳이다. 역사 속으로 시간여행을 떠날 수 있고, 문경새재도립공원을 걸으면서 아름다운 풍광도 관람할 수 있는 곳이다. 사극과 현대물이 수시로 촬영되는 곳이기에 움직이는 무대에서 좋은 추억을 남길 수 있는 곳이다. 제1관문인 주흘관에서 제3관문인 조령관까지는 약 6.5km로 왕복 4시간 정도 걸리는 길이지만 길이 완만하고 나무가 우거져 있어 가벼운 트레킹 코스로 인기다. 조곡관 뒤편의 약수터에서는 휴식을 취하기 좋다. 발 씻는 곳이 따로 있어 편안하게 맨발로 산책하기 좋다.',4,'https://i7d110.p.ssafy.io/api/image/download/tripplace37.jpg'),(72,'불국사','경상북도 경주시 불국로 385 (진현동)',35.78992,129.3318,'『구름을 마시고 토한다』는 토함산(745m)의 중턱에 자리하고 있는 불국사와 석굴암은 찬란한 신라 불교문화의 핵심으로 신라 법흥왕 15년에 그 어머니 뜻에 따라 나라의 안정과 백성의 평안을 위하여 세워졌으며, 그 후 신라 경덕왕 10년(751) 때 재상 김대성이 다시 지어 절의 면모을 새롭게 하였다. 그 뒤 임진왜란으로 건물은 물론 값진 보물들이 거의 불에 타거나 약탈되었다. 1920년 이전에는 일부 건물과 탑만이 퇴락한 채 남아 있었으나, 지속적인 원형복구 및 보수로 국보 7점을 간직한 오늘날 대사찰의 면모를 갖추게 되었다. 불국사에서 산등성이를 타고 약 3km (포장도로 석굴로는 9km)정도 올라가면 동양 제일의 걸작으로 알려진 여래좌상의 본존불이 동해를 마주 바라보고 있는 유명한 석굴암이 있다. 불국사.석굴암은 1995년 12월 6일 해인사 장경판전과 종묘와 함께 \'유네스코 세계 문화유산\'으로 공식 등재되어 국제적으로 더욱 유명해졌다.',4,'https://i7d110.p.ssafy.io/api/image/download/tripplace38.jpg'),(73,'석굴암','경상북도 경주시 불국로 873-243 (진현동)',35.79155,129.3501,'석굴암(국보)은 신라 경덕왕 10년에 당시의 재상인 김대성에 의해 창건되었다고 전해진다. 불국사에서 산등성이를 타고 등산로로 3km, 신도로로는 9km거리에 있는 석굴암의 구조는 방형과 원형, 직선과 곡선,평면과 구면이 조화를 이루며 특히, 벽 주위에 조각된 38체는 어느 것 하나 걸작이 아닌 것이 없고 전체적인 조화를 통해 고도의 철학성과 과학적인 면모를 나타내고 있으며 중앙에는 백색 화강암으로된 여래좌상의 본존불이 동해를 굽어보고 있다. 여래좌상이 바라보는 시선은 문무왕 수중왕릉인 봉길리 앞 대왕암을 향한다. 수중왕을 수호하는 감은사터, 용이 된 문무왕을 보았다는 이견대가 대왕암 인근 해안에 있다. 불국사.석굴암은 1995년12월6일 해인사 팔만대장경과 종묘와 함께 유네스코 세계문화유산으로 공식 지정되어 보호되고 있다.',4,'https://i7d110.p.ssafy.io/api/image/download/tripplace39.jpg'),(74,'천마총','경상북도 경주시 계림로 9',35.83846,129.2106,'1973년에 발굴된 고분 천마총은 신라 특유의 적석목곽분이다. 높이 12.7m, 지름 50m의 능으로 봉토 내에는 냇가의 돌로 쌓은 적석층이 있고, 적석층 안에는 길이 6.5m, 너비 4.2m, 높이2.1m의 나무로 된 방이 있어, 그 중앙에 목관을 놓고 시신을 안치했다. 출토된 유물이 11,526점으로, 그 중 천마도는 우리나라 고분에서 처음 출토된 귀중한 그림이다. 대릉원의 고분군 중 유일하게 공개하고 있는 고분 천마총은, 옆에 위치한 황남대총을 발굴하기 위해 시범적으로 발굴한 곳인데, 당시 기술로는 황남대총 같이 거대한 규모의 무덤을 발굴하기가 힘들었기 때문이다. 1973년 발굴 과정에서 부장품 가운데 자작나무 껍질에 하늘을 나는 말이 그려진 말다래(말을 탄 사람의 옷에 흙이 튀지 않도록 가죽 같은 것을 말의 안장 양쪽에 늘어뜨려 놓은 기구)가 출토되어 \'천마총(天馬塚)\'이 되었는데, 최근 이 천마가\'말\'을 그린 것이 아니라 \'기린\'을 그린 것이라는 주장도 설득력을 얻고 있다. 천마총은 5세기 말에서 6세기 초에 축조된 고분으로 추정되는데 금관, 금모자, 새날개 모양 관식, 금 허리띠, 금동으로 된 신발 등이 피장자가 착용한 그대로 출토되었다. 특히 천마총 금관은 지금까지 출토된 금관 중 가장 크고 화려한 것이다. 실제 유물들은 경주국립박물관에 전시되어 있으니 꼭 한번 들려 보길 권한다.',4,'https://i7d110.p.ssafy.io/api/image/download/tripplace40.jpg'),(75,'동궁과 월지','경상북도 경주시 원화로 102 (인왕동)',35.83478,129.227,'경주 동궁과 월지는 신라 왕궁의 별궁터이다. 다른 부속건물들과 함께 왕자가 거처하는 동궁으로 사용되면서, 나라의 경사가 있을 때나 귀한 손님을 맞을 때 이곳에서 연회를 베풀었다고 한다. 신라 경순왕이 견훤의 침입을 받은 뒤, 931년에 고려 태조 왕건을 초청하여 위급한 상황을 호소하며 잔치를 베풀었던 곳이기도 하다. 신라는 삼국을 통일한 후 문무왕 14년(674)에 큰 연못을 파고 못 가운데에 3개의 섬과 못의 북동쪽으로 12봉우리의 산을 만들었으며, 여기에 아름다운 꽃과 나무를 심고 진귀한 새와 짐승을 길렀다고 전해진다. 고려시대의 『삼국사기』에는 임해전에 대한 기록만 나오고 안압지에 대해서는 아무런 언급이 없으며, 이 후 신라가 멸망하고 고려와 조선에 이르러 이곳이 폐허가 되자, 시인 묵객들이 연못을 보며 \'화려했던 궁궐은 간데없고 기러기와 오리만 날아든다.\'는 쓸쓸한 시 구절을 읊조리며, 이 곳을 기러기 \'안\'자와 오리\'압\'자를 써서 \'안압지\'라고 불렀다고 한다.',4,'https://i7d110.p.ssafy.io/api/image/download/tripplace41.jpg'),(76,'주왕산국립공원','경상북도 청송군 주왕산면 공원길 169-7',36.39387,36.39387,'주왕산(720.6m)은 한반도 산맥의 중심 뼈대를 이루는 백두대간의 등줄기인 태백산맥이 국토 동남부로 뻗어나온 지맥에 위치한다. 수많은 암봉과 깊고 수려한 계곡이 빚어내는 절경으로 이루어진 우리나라 3대 암산의 하나이다. 1972년 5월 30일 관광지로 지정된 후 1976년 3월 30일, 12번째 국립공원으로 지정되었다. 공원의 총 면적이 105.582㎢로 행정구역상으로 청송군과 영덕군의 2개군 5개 면에 걸쳐있고 북쪽에는 설악산과 오대산, 남쪽에는 경주, 서쪽에는 속리산과 덕유산 등의 국립공원이 인접해 있으며 태행산, 두수람, 가메봉 등의 봉우리 외에도 주방계곡, 절골계곡, 월외계곡 등이 산재되어 있다.수백미터 돌덩이가 병풍처럼 솟아있어 신라 때는 석병산이라 부르다가 통일신라 말엽부터 주왕산이라 불리게 되었다. 주왕산은 4군데의 폭포 외에 동굴, 대전사 및 부속 암자들이 있어 천혜의 관광자원이 많은 곳이라고 할 수 있다.',4,'https://i7d110.p.ssafy.io/api/image/download/tripplace42.jpg'),(77,'호미곶 해맞이광장','경상북도 포항시 남구 호미곶면 해맞이로150번길 20',36.07674,129.5679,'호미곶은 한반도의 최동단에 위치, 한반도 지형상 호랑이 꼬리에 해당하는 곳이다. 고산자 김정호는 대동여지도를 만들면서 이곳을 일곱번이나 답사 측정한 뒤 우리나라의 가장 동쪽임을 확인하였다고 한다. 또한 16세기 조선 명종때 풍수지리학자인 격암 남사고는 이곳을 우리나라 지형상 호랑이 꼬리에 해당한다고 기술하면서 천하 제일의 명당이라 하였고,육당 최남선은 백두산 호랑이가 앞발로 연해주를 할퀴는 형상으로 한반도를 묘사하면서 일출제일의 이곳을 조선십경의 하나로 꼽았다. 호랑이는 꼬리의 힘으로 달리며 꼬리로 무리를 지휘한다고 하여 호랑이 꼬리는 국운상승과 국태민안의 상징이겠기에, 여기 호미곶에 일제는 쇠말뚝을 박아 우리나라의 정기를 끊으려 하였으며 한반도를 연약한 토끼에 비유해 이곳을 토끼꼬리로 비하해 부르기도 하였다.한국천문연구원 자료에 의하면 이곳 호미곶의 일출시각은 아침 7시 32분(\'99. 1. 1일 기준)으로 명실공히 한반도에서 가장 먼저 해가 뜨는 곳으로 이곳에서 1999. 12. 31. ～ 2000. 1. 1.에 걸쳐 새천년 국가행사로 한민족 해맞이 축전이 개최되었다. 또한 호미곶 주변에는 1908년 건립된 국내 최대 규모의 호미곶 등대와 국내 유일의 등대박물관과 암울했던 일제 치하에서 독립운동에 온몸을 던진 이육사의 곧은 절개와 애국정신을 계승하기 위한 청포도 시비(詩碑) 및 동해의 청정 해수를 이용한 대보 해수탕이 있다.',4,'https://i7d110.p.ssafy.io/api/image/download/tripplace43.jpg'),(78,'구룡포 해수욕장','경상북도 포항시 남구 구룡포읍 호미로426번길 6',35.99712,129.5661,'구룡포는 신라 진흥왕 때 장기 현감이 고을을 순찰중 용주리를 지날 때 별안간 하늘에서 천둥이 치고 폭풍우가 휘몰아쳐서 급히 민가로 대피했는데, 이 때 용두산 해안 바다에서 아홉마리 용이 승천하였다고 한다. 이후, 아홉마리 용이 승천한 포구라 하여 구룡포라 부른다고 한다. 구룡포의 지리적 특성은, 구릉지가 많고 평지가 적으며, 겨울은 따뜻하고 여름은 서늘한 기후로 15.8km의 긴 해안선에 둘러싸여 있다. 구룡포항은 수산업 중심지이자 어업전진기지로서 근해어업이 발달했고, 주로 오징어, 꽁치, 대게 등의 어획고가 많다. 구룡포항의 등대와 갈매기, 귀항하는 어선을 배경으로 솟아오르는 겨울철 해돋이는 보기 드문 장관이다. 해안경관이 수려하고 피서지로 각광받는 구룡포 해수욕장은 포항에서 24km, 구룡포읍에서 1.5km쯤 떨어져 있다. 반달형의 백사장은 길이 400m, 폭 50m나 되어 야영을 즐기는 피서객들이 선호할 만하다. 또, 인근 횟집에서는 갓 잡은 싱싱한 광어, 도다리, 장어, 도미 등의 생선회도 맛볼 수 있다.',4,'https://i7d110.p.ssafy.io/api/image/download/tripplace44.jpg'),(79,'이가리 닻 전망대','경상북도 포항시 북구 청하면 이가리',36.18785,129.3791,'포항시 북구 청하면 이가리에 위치한 이가리닻전망대는 푸른 해송과 아름다운 이가리 간이해수욕장 인근에 선박을 정착시키는 닻을 형상화한 전망대다. 높이 10m, 길이 102m 규모로 시원스레 펼쳐진 포항의 바다를 한눈에 담을 수 있는 곳이다. 또한 JTBC에서 인기리에 방영된 드라마 \'런온\'의 주요 촬영장소로 많은 관광객들이 찾고 있는 핫플레이스다.',4,'https://i7d110.p.ssafy.io/api/image/download/tripplace45.jpg'),(80,'도산서원','경상북도 안동시 도산면 도산서원길 154',36.72735,128.8435,'도산서원은 건축물 구성면으로 볼 때 크게 도산서당과 이를 아우르는 도산서원으로 구분된다. 도산서당은 퇴계선생이 몸소 거처하면서 제자들을 가르치던 곳이고, 도산서원은 퇴계선생 사후 건립되어 추증된 사당과 서원이다. 도산서당은 1561년(명종 16)에 설립되었다. 퇴계선생이 낙향 후 학문연구와 후진 양성을 위해 지었으며 서원 내에서 가장 오래된 건물로 퇴계선생이 직접 설계하였다고 전해진다. 이때 유생들의 기숙사 역할을 한 농운정사와 부전교당속시설인 하고직사(下庫直舍)도 함께 지어졌다. 도산서원은 퇴계선생 사후 6년 뒤인 1576년에 완공되었다. 1570년 퇴계 선생이 돌아가시자 1572년에 선생의 위패를 상덕사에 모실 것을 결정하였다. 2년 뒤 지방 유림의 공의로 사당을 지어 위패를 봉안하였고, 전교당과 동 · 서재를 지어 서원으로 완성했다. 1575년(선조 8)에 한석봉이 쓴 \'도산서원\'의 편액을 하사 받음으로써 사액(賜額)서원으로서 영남유학의 총본산이 되었다. 1615년(광해군 7) 사림이 조목(趙穆)을 종향(從享)했다. 1792년(정조 16) 정조 임금이 치제(致祭)를 내리고 도산별과(陶山別科)를 시행하였다. 1796년(정조 20) 시사단 (試士壇)을 세우고, 1819년(순조 19) 장서고(藏書庫)인 동광명실(東光明室) 건립하였다. 1870년(고종 7) 대원군의 서원 철폐령에서 제외되었으며, 1930년(경오년) 서광명실(西光明室) 증건(增建)하였고 1932년(임신년) 하고직사(下庫直舍) 이건하였다. 1969년 본 서원을 중심으로 임야 및 전답 19필 324.945㎡이 사적으로 지정되었고, 1970년부터 대통령령으로 보수 · 증축 사업을 진행하였으며 우리나라 유학사상의 정신적 고향으로 성역화 되었다. 1977년 도산서원관리사무소가 설치되고 관리운영조례를 제정 공포한 이후 오늘에 이르고 있다.',4,'https://i7d110.p.ssafy.io/api/image/download/tripplace46.jpg'),(81,'부석사','경상북도 영주시 부석면 부석사로 345 (부석면)',36.99839,128.6867,'부석사는 신라 문무왕(文武王) 16년(676) 해동(海東) 화엄종(華嚴宗)의 종조(宗祖)인 의상대사(義湘大師)가 왕명(王命)으로 창건(創建)한 화엄종의 수사찰(首寺刹)이다. 대사가 당(唐)나라에 유학하고 있을 때 당 고종(高宗)의 신라 침략 소식을 듣고 이를 왕에게 알리고, 그가 닦은 화엄의 도리(道理)로 국론(國論)을 통일(統一)하여 내외(內外)의 시련을 극복하게 하고자 귀국하여 이절을 창건하였으며 우리나라 화엄사상(華嚴思想)의 발원지가 되었다. 부석사라 이름하게 됨은 불전 서쪽에 큰 바위가 있는데 이 바위는 아래의 바위와 서로 붙지 않고 떠 있어 뜬돌이라 한데서 연유하였다 한다. 고려시대에는 선달사(善達寺) 혹은 흥교사(興敎寺)라 불리웠다. 1916년 해체보수시 발견된 묵서명(墨書銘)에 의하면 고려(高麗)초기에 무량수전(無量壽殿) 등을 중창하였으나 공민왕 (恭愍王) 7년 (1358)적의 병화(兵火)를 당하여 우왕(禑王) 2년(1376) 무량수전이 재건되고, 우왕 3년 (1377) 조사당(祖師堂)이 재건되었다.',4,'https://i7d110.p.ssafy.io/api/image/download/tripplace47.jpg'),(82,'만휴정','경상북도 안동시 길안면 묵계하리길 42',36.41045,128.9098407,'만휴정은 보백당 김계행(寶白堂 金係行)공의 정자이다.1500년(연산군 6)에 건립하였다. 현재의 건물은 중수를 거치면서 변형된 모습을 보이고 있어, 일부만 조선후기 양식을 보이고 있다. 김계행은 조선 초의 문신으로 여러 관직을 역임하였다. 하지만 연산군 폭정을 만나자 벼슬을 버리고 고향땅으로 낙향했다. 그 후 설못(현 소산2리)가에 조그마한 정자를 지었으나 길 옆인 관계로 더욱 조용한 장소를 찾아 이 정자를 건립하였다. 길안면 묵계서원에서 개울건너 산곡 간에 들어서면 웅장한 계곡에 반석위로 폭포를 동반한 곡간수(谷澗水)가 흐르는 절경을 이루는 곳에 동남향으로 자리잡고 있다.',4,'https://i7d110.p.ssafy.io/api/image/download/tripplace48.jpg'),(83,'경주 계림','경상북도 경주시 교동',35.83258,129.2189319,'이 숲은 첨성대(瞻星臺)와 월성(月城) 사이에 위치해 있으며, 경주 김씨의 시조 알지(閼智)가 태어났다는 전설이 있는 유서 깊은 곳이다. (사적)신라 탈해왕(脫解王) 때 호공(瓠公)이 이 숲에서 닭이 우는 소리를 들었는데, 가까이 가보니, 나뭇가지에 금궤(金櫃)가 빛을 내며 걸려 있었다. 이 사실을 임금께 아뢰어 왕이 몸소 숲에 가서 금궤를 내렸다. 뚜껑을 열자 궤 속에서 사내아이가 나왔다하여 성(姓)을 김(金), 이름을 알지라 하고, 본래 시림(始林), 구림(鳩林)이라 하던 이 숲을 계림(鷄林)으로 부르게 되었다. 계림은 신라의 國號(국호)로도 쓰이게도 되었다. 펑퍼짐한 숲에는 느티나무 등의 옛나무들이 울창하게 우거지고 북쪽에서 서쪽으로 작은 실개천이 돌아흐른다. 왕은 알지를 태자로 삼았으나 후에 박씨 왕족인 파사왕에게 왕위가 계승되어 왕이 되지 못했고, 후대 내물왕대부터 신라 김씨가 왕족이 되었다. 경내의 비는 조선 순조(純祖) 3년(1803)에 세워진 것으로 김알지 탄생에 관한 기록이 새겨져 있다. 신라 왕성 가까이 있는 신성한 숲으로 신라 김씨 왕족 탄생지로 신성시되고 있으며 지금도 계림에는 왕버들과 느티나무가 하늘을 가릴 듯하다. 대릉원-계림-반월성으로 이어지는 산책로옆에는 봄이면 노란 유채꽃이 유적지의 운치를 더 깊게 해준다.',4,'https://i7d110.p.ssafy.io/api/image/download/tripplace49.jpg'),(84,'금오산도립공원','경상북도 구미시 남통동 산33',36.09426,128.3075,'금오산(976m)은 소백산맥의 지맥에 솟은 산으로, 산 전체가 급경사의 기암절벽을 이루어 곳곳에 경승지가 있다. 1970년 도립공원으로 지정되어 관광시설이 갖추어졌으며, 산 전체가 바위로 이루어져 기암 절벽에 급경사가 많고, 산 아래에서 대혜(명금) 폭포까지는 케이블카가 설치되어 있다. 예로부터 영남8경의 하나로, 1970년 6월 이 산 일대가 도립공원으로 지정된 후 관광시설이 갖추어졌고, 많은 관광객이 끊이지 않는다. 사찰은 산정 부근에 약사암이 있고, 북쪽 중턱에 높이 38 m의 명금폭포와 신라의 승려 도선이 세웠다는 해운사가 있다. 그 밖에 도선굴 ·마애보살입상 등이 있다. 관광시설로 채미정을 지나 산으로 올라가는 어귀에 세워진 1급 금오산 관광호텔, 그 바로 위의 지점에서 해운사 옆까지 가설된 케이블카는 관광객들에게 많은 편의를 제공하고 있다.',4,'https://i7d110.p.ssafy.io/api/image/download/tripplace50.jpg'),(85,'야은역사체험관','경북 구미시 남통동 산24-5 (남통동)',36.11022,128.3126,'고려 말기 성리학자인 야은 길재 선생의 사상과 학문에 대해 사색할 수 있는 곳이다. 역사체험관 이용객뿐만 아니라 잔디광장 등 금오산 도립공원 이용자의 편의들을 위한 휴게 공간 및 테마정원이 조성되어 있으며 경관석 및 너럭바위, 야은 길재 선생상 등 특화 시설물도 있다. 야은 길재 선생은 두 임금을 섬길 수 없다 하여, 고향인 구미로 돌아와 제자를 가르친 성리학의 근간을 이룬 인물로, 길재 선생의 가르침과 청빈의 삶을 엿볼 수 있는 공간이다. 경상북도 기념물 제55호로 지정된 곳이다.',4,'https://i7d110.p.ssafy.io/api/image/download/tripplace51.jpg'),(86,'도리사','경상북도 구미시 해평면 도리사로 526',36.25557,128.3989,'도리사는 440년(신라 눌지왕 24) 고구려의 아도(阿道, ?～?) 화상이 창건한 신라 최초의 가람으로 알려져 있다. 신라 19대 눌지왕 14년, 417년 경에 아도화상이 서라벌에 갔다가 돌아오는 길에, 이곳에 이르러 겨울인데도 복숭아꽃과 오얏꽃이 만발해 있는 것을 보고 절을 짓고 도리사라고 했다.1976년에는 세존 사리탑을 해체 복원하다가 금동육각사리함(국보)과 부처님 사리 1과가 발견되어 현재 직지사 성보 박물관에 위탁 소장되어 있다. 문화재로 보물인 화엄석탑이 있고, 아도화상동상(2002년 새로 건립조성), 세존사리탑, 아도화상 사적비, 조선후기 탱화가 있다.',4,'https://i7d110.p.ssafy.io/api/image/download/tripplace52.jpg'),(87,'금오산성','경상북도 구미시 남통동 33',36.10748,128.3056,'경상북도 구미시에 있는 해발 976m의 험준한 금오산의 정상부와 계곡을 감싸 내·외성 2중으로 돌로 쌓아만든 산성이다. 내성은 정상부에 테를 두른 모양으로 쌓았는데 둘레가 10리나 되며, 험한 절벽에는 따로 성벽을 쌓지 않았다. 외성은 계곡을 감쌌는데 둘레가 5리나 되며, 내·외성벽의 길이는 6.3㎞나 된다. 금오산성은 고려 시대 이전부터 전해 내려오는 옛 성터로, 고려 말에 선산·인동·개령·성주 백성들이 왜구를 피해 이곳에 들어와 성을 지켰으며, 이곳에 군량과 무기를 비축해 두었던 군창을 두었다. 조선 태종 10년(1410)에 국가적 계획으로 성을 크게 고쳐 쌓았으며, 임진왜란 때 이 산성의 전략적 중요성이 인식되어 선조 28년(1596)에 다시 고쳐 쌓았다. 인조 17년(1639)에 외성을 쌓는 확장공사가 시행되어 이중의 산성이 되었고, 고종 5년(1868)에 새로 고쳐 쌓았다. 기록에 의하면 성 안에 1개의 계곡과 여러 개의 연못·우물이 있었으며, 대혜창과 내성창이라는 창고, 군기고, 진남사가 있었다고 한다. 지금은 내·외성의 문터, 적이 알 수 없게 만든 작은 성문인 암문의 형체, 건물터들이 남아있다. 한편, 성 안에는 고종 5년(1868) 무렵에 세운 것으로 추정되는 금오산성 중수송공비가 성을 쓸쓸히 지키고 있다.',4,'https://i7d110.p.ssafy.io/api/image/download/tripplace53.jpg'),(88,'해운사','경상북도 구미시 금오산로 434-1',36.10534,128.2985,'* 구름도 쉬어가는 사찰, 해운사 * 산에는 절이 있고, 절은 또한 산에 있다. 그래서 절을 좋아하면 산을 좋아하게 되고 그렇게 절과 산은 따로 생각할 수가 없다. 더욱이 좋은 산에는 좋은 절이 있고, 많은 이야기와 전설이 있으며 고승의 자취가 남아있다. 그리고 그것은 고스란히 우리네 삶 속에 녹아 흐르고 있다. 영남의 명산 금오산에도 곳곳에 전설과 일화가 얽힌 유적과 절이 있어 사철 사람을 불러 모은다. 금오산의 원래 이름은 대본산(大本山)이었으며, 중국의 오악 가운데 하나인 숭산에 비겨 손색이 없다 하여 남숭산(南嵩山)이라 불리기도 했다. 금오란 이름은 아도화상이 이곳을 지나다 저녁놀 속으로 황금빛 까마귀, 곧 태양 속에 산다는 금오(金烏)가 날아가는 모습을 보고 태양의 정기를 받은 산이라 하여 그렇게 부르게 되었다고 한다. 그밖에도 이 고장 사람들의 금오산에 거는 기대와 애정을 보여 주는 얘기가 많다. 선산에서 보면 붓끝같이 보이는 금오산의 \'필봉(筆峰)\' 덕에 선산에는 문장과 학문으로 이름난 사람이 많이 난다고 한다. 칠곡 인동에서 이 산을 보면 귀인이 관을 쓴 것 같아서 \'귀봉(貴峰)\'이라고 하는데, 예로부터 큰 부자와 높은 벼슬아치가 흔한 까닭이 이 때문이라는 게 이곳 사람의 자랑이다. 금릉 개령에서 보면 도적이 짐을 지고 내려오는 상이라 하여 \'적봉(賊峰)\'이라 하는데, 이 때문에 이곳에서 큰 도적이나 민란이 자주 일어났다고 풀이하기도 한다.',4,'https://i7d110.p.ssafy.io/api/image/download/tripplace54.jpg'),(89,'지산샛강생태공원','경북 구미시 지산동 845-85',36.13454,128.3528,'지산 샛강생태공원은 도심 속 휴식공원으로 경북 구미시 지산동에 자리 잡고 있다. 지산의 명물인 샛강을 보다 쾌적하고 건전한 휴식공간으로 만들고자 조성된 공원으로 구미의 유일한 습지이다. 겨울엔 철새 보금자리로 여름엔 연꽃 군락지로 유명하며 구미의 3대 연꽃 명소 중 으뜸으로 꼽힌다. 도심에서 가까운 곳에 위치해 있는 인간과 함께 공존하는 생태 군락지로 공원, 야외광장, 운동시설, 휴식을 취할 수 있는 벤치와 정자가 조화를 이루고 있다. 특히 공원은 유소년들의 자연 체험학습장으로 활용되고 있으며, 시민들에게는 생태 여가 문화의 장을 제공하는 공간이다. 특히 산책로가 잘 정비되어 있어 누구나 쉽게 찾는 곳이다.',4,'https://i7d110.p.ssafy.io/api/image/download/tripplace55.jpg'),(90,'동락공원','경상북도 구미시 3공단1로 191 (진평동)',36.09363,128.4028,'구미시를 가로질러 흐르는 낙동강을 따라 구미대교아래 임수동에서 칠곡군 석적면 중리까지 102천평의 면적에 수변형도시공원으로 조성된 동락공원은 세계 최초의 전자신종이 설치되어 있고 9.3㎢가 넘는 산책로와 49,213평의 넓은 잔디밭, 각종체육시설 및 편의시설이 갖춰져 시민들의 많은 사랑을 받고 있는 곳이다. 주요시설로는 얼마전에 개장한 민속정원과 국궁장, 롤러스케이트장, 야구장, 축구장, 농구장, 배구장, 족구장, 게이트볼장, 배드민턴장 등이 있어 가족단위로 찾을 수 있는 곳으로 환영받고 있다.',4,'https://i7d110.p.ssafy.io/api/image/download/tripplace56.jpg'),(91,'천생산','경상북도 구미시 천생산길 200 (구평동)',36.10896777,128.4572816,'구미시 신동, 황산동, 금전동, 장천면에 걸쳐 산자락이 이어진 산이다. 해발 407m로, 동쪽에서 보면 산의 형상이 하늘 天자로 보인다. 뿐만 아니라 정상의 산봉우리가 일자형으로 특이한 모습을 하고 있어, \'하늘이 내놓은 산\'이라는 뜻을 가진 천생산이라 불린다. 금오산성과 더불어 낙동강을 끼고 동서로 마주하면서 가산산성과 연결되는 국방 요충지이다. 천생산에는 천생산성과 유아숲체험원이 있어 어린이 동반 숲체험을 하기에 좋다.',4,'https://tong.visitkorea.or.kr/cms/resource/23/2736923_image2_1.png'),(92,'대구 동성로거리','대구광역시 중구 동성로2길 27',35.86912,128.5954,'젊은 기운이 살아 숨쉬는 도심의 가로광장 동성로(東城路)는 사성로 중에서 대구역네거리와 중앙치안센터 사이 구간(900m)으로서 대구의 대표적인 중심번화가 중의 하나이다. 본래 대구읍성 동쪽의 성곽지였으나 1907년 헐리고 도로가 되면서 현재에 이르렀다. 동성로는 대구백화점 앞 야외무대를 중심으로 옛 성곽의 이미지를 재현하는 장대석 띠포장의 보행자전용거리를 따라 교동 귀금속거리, 떡볶이골목, 가방골목, 야시골목, 구제골목 등 각종 골목상권을 이루고 있다. 또한 2009년에 조성된 국내 최초의\'대중교통전용지구\'(반월당네거리~대구역네거리, 1.05km)는 친인간적, 친환경적인 가로로 다양한 상권과 흥미로운 디자인에 의하여 동성로와 더불어 명품가로로 자리매김하고 있다.',4,'https://i7d110.p.ssafy.io/api/image/download/tripplace57.jpg'),(93,'수성못 유원지','대구광역시 수성구 용학로 35-5',35.82639,128.6155,'수성유원지는 범물동 용지봉(629m)에서 북서부로 뻗어 내린 줄기의 하부에 위치하여 주변의 완만한 산지와 수성못을 끼고 자연의 경관미를 이루고 있다. 1925년에 조성된 수성못을 중심으로 형성되었으며 저수량도 70만에 달하고 21만 8000㎡의 면적에 못 둘레도 2,020m에 이른다. 수성못은 1925년 일제강점기에 농업용수 공급용으로 조성된 인공 못이었다. 지금은 수변 휴식공간으로 활용되어 연중 풍부한 수량을 자랑하고있다. 수성못 주변에는 벤치와 수목, 산책로 유람선 선착장, 우주선, 유람선, 바이킹, 범버카, 회전목마 등의 놀이시설을 갖춘 수성랜드가 어우러져 유원지를 형성하고 있다. 보트놀이와 오리배 등을 즐길 수 있는 수성못과 어린이 놀이터, 두산폭포 등 볼거리, 즐길거리가 있어 가족나들이와 연인들의 데이트 코스로 적격이다. 2007년 9월 설치된 영상음악분수는 5월부터 10월까지 매일 4회에 주간, 야간 공연을 하며 이색적인 볼거리를 제공한다.',4,'https://i7d110.p.ssafy.io/api/image/download/tripplace58.jpg'),(94,'김광석 길','대구광역시 중구 달구벌대로 2238',35.86028,128.607,'김광석 길은 故 김광석이 살았던 대봉동 방천시장 인근 골목에 김광석의 삶과 음악을 테마로 조성한 벽화거리이다. 2010년 \'방천시장 문정성시 사업\'의 하나로 방천시장 골목길에 11월부터 조성하기 시작한 김광석 길은 중구청과 11팀의 작가들이 참여하였다. 350m 길이의 벽면을 따라 김광석 조형물과 포장마차에서 국수 말아주는 김광석, 바다를 바라보고 있는 김광석 등 골목의 벽마다 김광석의 모습과 그의 노래 가사들이 다양한 모습의 벽화로 그려졌다. 매년 가을에는 방천시장과 동성로 일대에서 \'김광석 노래 부르기 경연대회\'를 개최하여 故 김광석을 추억하고 있다.',4,'https://i7d110.p.ssafy.io/api/image/download/tripplace59.jpg'),(95,'대구 계산성당','대구광역시 중구 서성로 10 (계산동2가)',35.86794,128.5878,'대구(大邱) 계산동(桂山洞) 성당(聖堂)은 1886년 대구 지역 선교 활동을 책임 맡고 부임한 로베르(1853~1922) 신부가 지금의 계산동 성당 부지를 매입하면서 건립되기 시작하였다. 1899년 한국식의 목조 십자형 건물으로 지어졌으나 1년 만에 화재로 모두 소실되었다. 그 후 재건축에 착수하여 로베르 신부가 설계하고, 국내에서 찾아보기 힘든 함석이나 스테인드 글라스 등의 재료들은 프랑스 및 홍콩에서 들여와 사용하였다. 건물은 공사가 시작되고 3년이 지난 1902년에 완성되었다. 이 건물은 대구 지역에서 유일하게 남아있는 1900년대 초기의 건축물이다. 성당의 평면은 라틴 십자형 (Latin cross)으로 중심의 본랑(nave)과 양쪽의 측랑 (transept)으로 구성된다. 이런 평면 구조는 성당의 평면, 건물의 외부와 내부 공간에서 뚜렷하게 볼 수 있다. 또한 건물 전체적으로는 둔중한 로마네스크 양식을 띠고 있지만 첨탑과 스테인드글라스 등의 고딕적 요소들이 부분적으로 나타나고 있다.',4,'https://i7d110.p.ssafy.io/api/image/download/tripplace60.jpg'),(96,'앞산공원','대구광역시 남구 앞산순환로 574-87',35.82721,128.5877,'대구시 남구에는 해발 660m의 앞산이 솟아있다. 앞산은 좌우로 산성산(653m), 대덕산(546m)을 거느리고 있다. 이들 세 산 줄기의 북쪽 계곡에 조성된 공원이 앞산공원이다.1970년부터 공원으로 개발해왔고 1981년부터 다시 10년 계획으로 개발되었다. 대구시에서 가장 큰 도시자연공원으로 508만 평에 이른다. 정상 부근까지 총연장 790m의 케이블카가 운행되며, 산기슭에는 궁도장, 승마장, 수영장이 있고, 시조작가 이호우 시비와 1979년에 지어진 낙동강 승전기념관도 있다. 큰골 대덕동산은 조경시설이 훌륭하여 가족 단위 나들이 및 청춘남녀의 데이트 코스로 각광 받고 있다.',4,'https://i7d110.p.ssafy.io/api/image/download/tripplace61.jpg'),(97,'팔공산 케이블카','대구광역시 동구 팔공산로185길 51',35.99092,128.6948,'경사가 있고 긴 코스이기에 경치를 구경하면서 동시에 스릴도 함께 누릴 수 있다. 케이블카 정상역은 신림봉 꼭대기에 위치하고 있으며 비로봉 정상에 있는 제천단과 동쪽 갓바위 부처님과 함께 기복신앙의 대표적인 장소이다.케이블카 정상역은 제천단과 대구월드컵경기장과 일직선상에 위치하며 봉황이 날개를 펴고 날아오르는 형상에서도 몸통의 중심부에 위치하여 풍수지리적으로도 아주 좋은기운을 가진 곳이다.',4,'https://i7d110.p.ssafy.io/api/image/download/tripplace62.jpg'),(98,'대구 근대화골목','대구광역시 중구 국채보상로102길 66',35.87149,128.5909376,'대구 근대골목은 대구의 골목을 걸으며 살아있는 역사를 만나는 체험여행이다. 대구는 한국전쟁 당시 다른 지역에 비해 피해가 크지 않았다. 덕분에 전시 전후의 생활상이 비교적 잘 유지된 편이다. 곳곳이 역사적으로 다뤄지는 중요한 장소이면서, 우리네 아버지와 어머니 그리고 할아버지와 할머니의 온기가 느껴지는 곳이기도 하다.',4,'https://i7d110.p.ssafy.io/api/image/download/tripplace63.jpg'),(99,'대구 서문시장','대구광역시 중구 큰장로26길 45',35.86924,128.5821,'1920년대에 천황당지(天皇堂池)를 매립하여 지금의 장소로 이전한 대구 큰 장이라고 했던 서문시장은 오랜 역사를 가지고 있다. 조선시대 3대 시장 이라면 대구, 평양, 강경 등 세 군데 시장을 말했다. 대구 성곽의 서쪽에 있었기 때문에 서문시장이라 명하였고 처음에는 성곽에서300m 정도의 거리인 지금의 시장북로 본전커피숍 주위 오토바이 골목일대가 시장이였으며 매월 2일과 7일 개장 했다고 한다. 홍두깨전, 닭전 골목이름이 지금까지 남아 있다. 섬유관련 품 목이 주종을 이루며 주단, 포목, 메리야스, 공예품, 남녀의류, 그릇, 건해산물등 없는 것이 없을 정도로 규모가 크다. 푸근한 인심이 살아 있으며 냉난방시설, 대형주차장등 이 편리하게 갖추어져 있다.',4,'https://i7d110.p.ssafy.io/api/image/download/tripplace64.jpg'),(100,'대구수목원','대구광역시 달서구 화암로 342 (대곡동)',35.79972,128.522,'74,000여 평의 부지에 1986년부터 1990년까지 대구시민의 생활쓰레기 410만톤을 매립한 장소로서 이곳의 환경문제를 해결하기 위하여 1996년부터 1997년까지 150만㎥의 건설잔토를 6~7m로 복토한 후 2002년 5월까지 수목원을 조성함으로 생태를 복원한 사례이다. 대구수목원은 침엽수원, 활엽수원, 화목원, 야생초화원, 약용식물원, 염료원 등 21개소의 다양한 원을 구성하여 400여종 6만 그루의 나무와 1,100개 화단에 800여 종 13만 포기의 초화류를 식재하였고, 40종 300여 점의 분재와 200종 2,000점의 선인장과 더불어 300여 점의 수석도 전시하였다. 총 1,750여종의 식물이 전시되어있고 25개의 테마 정원으로 구성되어 있으며, 도심에서 가까운 도시형 수목원으로 관찰, 견학, 학습탐구, 휴식에 대구 시민의 사랑을 받고 있다. 대구수목원에서는 어린이와 청소년 대상 체험교실을 운영하고 있다. 어린이 자연학교는 여름방학 기간 중에 운영된다. 청소년 그린스쿨은 초·중·고등학생을 대상으로 운영되는 프로그램이다. 이외에 조경교육지도자 교육 등 다양한 식물 관련 교육행사가 개최된다. 그리고 수목원 인근에는 앞산과 두류공원이 위치하고 있으며, 대구에는 팔공산과 비슬산이 자리하고 있어 양대 명산을 관광 및 등산하는 방문객들은 대구수목원을 연계하여 관광코스 및 휴식공간으로 활용하고 있다.',4,'https://i7d110.p.ssafy.io/api/image/download/tripplace65.jpg'),(101,'마비정 벽화마을','대구광역시 달성군 화원읍 마비정길 259',35.77877,128.5416,'말(馬)의 슬픈 전설을 간직한 대구 달성군 화원읍 본리2리 마비정(馬飛亭) 마을이 최근 녹색 농촌체험마을사업을 통한 \'벽화마을\'로 탈바꿈해 대구는 물론 전국적인 관광명소로 부각되고 있다. 또한, SBS 인기 예능프로그램인 런닝맨 촬영장소로 알려져 많은 내·외국인의 관광객들이 찾고 있다.마을 전체가 60~70년대의 정겨운 농촌의 풍경을 토담과 벽담을 활용하여 벽화로 꾸며져 있으며, 국내 유일의 연리목+연리지 사랑나무와 국내 최고령 옻나무, 대나무 터널길, 이팝나무 터널길 등 자연과 호흡하며 벽화를 감상할 수 있다.',4,'https://i7d110.p.ssafy.io/api/image/download/tripplace66.jpg'),(102,'대구제일교회','대구광역시 중구 국채보상로102길 50 (남성로)',35.86769421,128.5856029,'* 경북지방 최초의 기독교회, 대구 제일교회 *\n고종 32년(1895) 부산에 있었던 북장로교 선교본부가 대구로 옮겨지고, 광무 2년(1898)에 기와집 4동을 교회당으로 사용하였다. 계속해서 신도가 늘어 1908년에 재래양식과 서구 건축양식을 합작시킨 새로운 교회당을 지었다. 1933년 신도들의 헌금과 중앙교회의 성금으로 교회당을 새로 짓고 제일교회로 이름을 바꾸었다. 그 후 1937년에 이주열 권사가 높이 33m의 종탑을 세웠고, 1969년에 내부공사를 하고 1981년에 건물 뒤에 515.7m²(156평)의 성전을 늘렸다.현재 이 건물의 전체적인 양상은 평면이 남북으로 긴 직사각형이고, 앞면 중앙에 현관을 두고 오른쪽에는 종탑을 세운 간결한 고딕 건물이다. 1층은 사무실·유치원·청소년 예배실로 사용하고, 2층은 전체를 예배실로 사용하고 있다. 대구 제일교회는 대구의 수많은 교회 건물 중 가장 오랜 역사를 가졌고, 기독교가 근대화에 기여한 상징물로서 근대 건축사 연구에 귀중한 자료가 되고 있다.\n* 제일교회의 역사적 의의 *\n제일교회의 본당은 평면이 남북으로 긴 직사각형의 건물로, 정면 중앙에 현관을 두고 우측에 종탑을 둔 벽돌조 2층의 간결한 고딕양식이다. 1969년 내부 중수공사를 하였고, 1981년 6월 본당 뒤편으로 156평을 증축하였다. 1층에는 사무실·유치원·청소년 예배실이 있고 2층에는 대예배실이 있다. 건물 외관에 고딕양식이 잘 나타나 있어 대구지역 근대건축사 연구에 귀중한 자료이다.또한, 제일교회는 경북지방에 처음 생긴 기독교회로, 선교사들이 이 지방을 개화시키기 위해 근대적 의료 및 교육을 전개했던 곳으로 선교사들이 근대적 의료 및 교육을 전개하였던 거점으로서 역사적 의의를 지닌 곳이다.',4,'https://upload.wikimedia.org/wikipedia/commons/thumb/3/33/%EB%8C%80%EA%B5%AC_%EC%A0%9C%EC%9D%BC%EA%B5%90%ED%9A%8C_%285%29.jpg/1024px-%EB%8C%80%EA%B5%AC_%EC%A0%9C%EC%9D%BC%EA%B5%90%ED%9A%8C_%285%29.jpg'),(103,'팽귄마을','광주광역시 남구 양림동 201-64',35.14009,126.9170657,'양림동 펭귄마을공예거리는 양림동 주민 센터 뒤에 펭귄모양의 이정표를 따라 좁은 골목길을 들어가면 70,80년대 마을이 전시장으로 변모한 곳으로 무릎이 불편한 어르신이 뒤뚱뒤뚱 걷는 모습이 펭귄 같다고 하여 이름 지어진 마을이다. 마을 주민들은 과거에 화재로 타 방치되어 있던 빈집을 치우고 버려진 물건을 가져와 동네 벽에 전시하기 시작했으며, 마을 담벼락 에는\'\'그때 그 시절 살아있음에 감사하자\'\' 고 새겨 놓았다. 최승효 가옥, 우일사 선교사 사택, 오웬 기념각 등의 역사문화도 보유하고 있다. 마을 한가운데 있는 펭귄 주막은 주민들의 사랑방, 조그맣지만 필요한 물건들이 다 있다. 가죽공방, 섬유공방, 목공방 등 다채로운 공방들이 공예 거리에 입주해 있어서 예쁜 공예품을 구매하거나 근대와 현대가 공존하는 레트로 감성의 업사이클링 공예체험도 가능하다. 폐현수막 소재 파우치 만들기, 폐품 활용 미술작품 만들기 등 업사이클링 공방 체험 프로그램, 예쓰(예술+쓰레기 줍기) 투어코스, 원데이 클래스와 같은 체험 활동들을 운영하고 있다.',5,'http://gjarchive.kr/photo-archives/view/theme/cul023/2017-cul023-0021.jpg'),(104,'광주호 호수생태원','광주광역시 북구 충효샘길 7',35.18422,127.0012132,'광주호 호수생태원은 생물의 서식처를 제공하고 종 다양성증대를 통한 생태계보전에 기여하며 자연생태계의 생물들을 관찰 체험할 수 있도록하여 시민들에게 건강한 생태공간을 제공하고 환경의 중요성을 일깨워 주기 위한 공간입니다.',5,'https://ldb-phinf.pstatic.net/20150206_269/1423211784441e8Dmr_JPEG/%B1%A4%C1%D6_%B1%A4%C1%D6%C8%A3%C8%A3%BC%F6%BB%FD%C5%C2%BF%F8_12.JPG?type=m500_500'),(105,'청춘발산마을','광주광역시 서구 양동 440-5번지',35.1599,126.8914859,'70~80년대 방직공장 여공들이 셋발살이를 하던 광주의 오래된 옛 마을입니다.\n90년대 이후 도심 공동화 현상과 방직공장의 쇠퇴로 마을의 여공들이 떠나면서 점차 빈집들이 늘어나고, 어느새 나이든 어르신들만 남아 삶의 터전을 지켜왔습니다.\n오랫동안 함께 이 마을을 지켜온 어르신들의 마을 문화가 남아있는 동네가 되었습니다.\n2015년도 마을에 활력을 불어넣어 주는 도시재생 사업이 시작이 되면서 이 마을에 새로운 청년 이웃이 생겨나게 되었습니다.\n새로운 청년이웃들은 어르신들의 이웃문화를 통해 이 마을에 자리잡게 되었고 이상하지만 재미있고 행복한 별의별 이웃들이 되었습니다.',5,'https://img6.yna.co.kr/etc/inner/KR/2018/10/26/AKR20181026075700003_01_i_P4.jpg'),(106,'광주 사직공원','광주광역시 남구 양림동 108-10',35.14138,126.9126284,'광주 사직공원 역시 서울의 사직공원과 같이 신에게 제사를 지내던 사직단이 있던 곳에 조성된 공원이다.\n사직단은 삼국시대부터 나라의 안녕과 풍년을 기원하며 땅의 신과 곡식의 신에게 제사를 올리는 곳이었다. 성내 지근거리에 위차한 광주향교와 비슷한 맥락으로, 과거의 광주읍성에서 도보로 5분 거리의 양림산에 조성되었다.',5,'https://i7d110.p.ssafy.io/api/image/download/tripplace67.jpg'),(107,'대인시장','광주 동구 대인동 329',35.15395,126.9167662,'광주시민의 문화 예술시장, 대인시장\n대인시장은 광주의 중심지인 대인동에 자리한 전통시장으로, 문화와 예술이 접목된 시장으로 유명하다. 대인시장 내에 예술가들이 입주해 있으며, 야시장 등 다양한 행사를 통해 사람들을 불러 모으고 있다.',5,'https://modo-phinf.pstatic.net/20160712_87/1468305000195I1lDX_JPEG/mosat36agy.jpeg?type=f353_353'),(108,'양림동','광주광역시 남구 서서평길 7',35.14212,126.9155932,'펭귄마을, 양림쌀롱, 양림동근대예술여행, 별밤투어 등 다양한 광주의 놀이사항을 볼 수 있다.',5,'https://tgzzmmgvheix1905536.cdn.ntruss.com/2019/12/8d4928bcbda84b448bfc596bfaa8a655'),(109,'남광주밤기차야시장','광주광역시 동구 양림로 117',35.14,126.9207774,'남광주시장은 옛 남광주역이 있던 곳에 자연적으로 형성된 시장으로 온갖 해산물과 채소가 홍수를 이루었던 시장으로 역시 철거된 후 활기찼던 분위기는 많이 줄었다. 하지만 싱싱한 해산물을 사려면 남광주시장은 찾는 것은 아직도 유효하다. 새벽 2시에서 5시경까지 각 항구와 포구의 어판장에서 들어온 해산물은 시내의 타 시장이나 식당으로 팔려나간다. 도매금으로 많이 나가고 있는 해산물은 가격도 저렴하고 신선도가 뛰어나다. 그래서 남광주 시장은 횟집이 많이 몰려 있는 곳으로도 유명하며, 다른 곳에 비해 값이 싸고 그만큼 싱싱하기에 사람이 많이 찾고 있다. 또한 남광주밤기차야시장은 다시 활기찬 남광주시장을 만들기 위해 1960년대 남광주역에 정차한 밤 기차의 추억을 주제로 남광주 시장에 야시장이 열리며, 주말 오후 6시~12시까지 운영한다. 시장의 테마를 살리기 위해 음식을 판매하는 이동 판매대는 기차 모양을 본떠 만들었다. 다양한 먹거리와 공연 등의 볼거리로 대인 야시장과 더불어 광주의 명물 야시장으로 발돋움하고 있다.',5,'http://gjarchive.kr/photo-archives/view/theme/env075/2017-env075-0001.jpg'),(110,'송정역시장','광주광역시 광산구 송정로16번길 38',35.1353,126.7916944,'1913년에 이곳에서 처음 \'매일송정역전시장\'이 시작됐다. 103년의 역사를 강조하기 위해서 이름을 <1913송정역시장>으로 바꿨고, 누적된 시간이 많은 만큼, 송정역시장은 상인들에겐 삶의 터전이고 방문객들에겐 다양한 추억을 선사할 것이다.\n송정역 시장 골목의 바닥에는 건물 연도가 쓰여져 있으며, 이  숫자가 가리키는 방향에 있는 건물의 완공 연도를 표시한 것으로 오랜 역사를 가진 시장의 모습을 되짓을 수 있을 것이다.\n100년 간 이곳을 지켜온 36개의 기존 상점들의 간판의 글씨, 가게 형태, 가게 색상 중 하나는 꼭 남겨두었다. 옛 정취를 살리자는 취지로 건물 자체의 리모델링은 최소화하고, 간판의 디자인은 상인들의 추억을 담아 제작되었다.',5,'http://gjarchive.kr/photo-archives/view/theme/env075/2017-env075-0025.jpg'),(111,'유스퀘어 문화관','광주광역시 서구 무진대로 904',35.15967,126.8784498,'유스퀘어문화관은 서울금호아틀의 시설 및 운영의 강점을 그대로 도입한 금호아트홀, 다목적의 가변형 공연장 동산아트홀, 이지역 미술계 인재 발굴에 기여할 금호갤러리, 전국 최초 디저털 IMAX 영화관 등이 꾸며지는 복합문화공간 입니다.',5,'http://www.usquareculture.co.kr/Down/Display/201409/ucc3.jpg'),(112,'동명동 카페거리','광주광역시 동구 동명동 동계천로 135',35.14954,126.9243485,'광주 내 「핫 플레이스로 떠오르고 있는 동명동 카페거리는 예전 1970~90년대 동명동은 동명로, 동계천로 일대 고급주택과 오래된 한옥들이 혼재되어 있는 지역으로 부호들이 모여사는 동네였습니다. 그러나 주거문화가 아파트로 이동하면서 신도심으로 이사를 가는집이 많아지면서구도심 침체로 활기를 잃었습니다. 그 후 학원들이 동명동에 집중되면서 아이들 교육에 바쁜 엄마들을 위한 카페가 하나둘 생기기 시작했습니다. 이 카페들이 점차 개성을 가지고 독특한 외관,내부 인터레어, 음료의 맛을 추구하면서 다양한 스타일의카페들이 들어서면서 지금의 동명동 카페거리가 만들어 졌습니다.',5,'http://gjarchive.kr/photo-archives/view/theme/cul023/2014-cul023-0006.jpg'),(113,'광주 패밀리랜드','광주광역시 북구 우치로 677',35.2243,126.8942204,'광주패밀리랜드는 대한민국의 광주광역시 북구 우치로 677 (생용동)에 있는 놀이공원이다. 면적은 22만 9031m2이며 놀이시설, 썰매장, 아이스링크, 수영장을 갖추고 있다. 가까이에 있는 곳은 광주광역시 북구 지야동이 가까이에 있다.',5,'https://image.mycelebs.com/travel/new/ho/389853_ho_1499084503.jpg'),(114,'광주 예술의거리','광주광역시 동구 예술길 24',35.14961,126.9189052,'광주광역시를 대표하는 거리는 바로 광주 예술의 거리이다.\n예술의 거리는 호남문화와 예술의 중심지인 예향 광주의 전통을 계승 발전시키기 위해 조성됐다.\n현재 동호인의 편의도모를 위해 서화, 도자기, 공예품 등 이 지방 예술의 상징적 작품을 집산하여 전시, 판매하고 있으며, 한국화, 서예, 남도창을 중심으로 한 남도예술의 진수를 누구나 손쉽게 접할 수 있는 명소이다.\n광주동부경찰서 앞에서 중앙초등학교 뒤편 사거리에 이르는 이곳을 두루 돌아보는데 구경만 하면 1시간 정도, 매장에 들어가서 감상하면 2시간 정도 소요되는데, 광주가 초행이면 꼭 들러볼 만한 곳이다.',5,'http://gjarchive.kr/photo-archives/view/theme/cul023/2000-cul023-0001.jpg'),(115,'아시아문화전당','광주광역시 동구 문화전당로 38',35.14658,126.9206091,'국립아시아문화의 전당은 아시아를 비롯한 전 세계의 참여자들이 연구(Research) - 창작(Creation) - 제작(Production)의 단계를 수행함에 있어 경계를 가로지르며 자유롭게 화합하고 생각을 나눌 수 있는 통합적인 플랫폼의 역할을 한다.\n또한 수집된 연구물과 자원 등을 활용하여 제작된 결과물로 1년 내내 다양하고 역동적인 프로그램(전시, 공연, 교육, 축제, 기타 행사)들이 있다.',5,'https://www.culture.go.kr/upload/culSpace/place_2017061513381030978.jpg'),(116,'춤추는 바다분수','전남 목포시 상동 1157',34.79602,126.4331728,'물과 음악과 그리고 빛의 예술 춤추는 바다분수\n세계최초 초대형 부유식 음악분수로서 물과 빛, 음악의 하모니를 통한 아름다운 장관 연출한다.\n수반길이 150m, 높이 13.5m, 최대 분사높이 70m인 춤추는 바다분수는 잔잔한 바다 위, 워터스크린에 펼쳐진 아름다운 사연이 감미로운 선율과 화려한 빛, 거대한 물줄기 춤에 맞춰 스토리가 있는 레이저쇼와 함께 매일 밤 웅장하고 환상적인 공연이 펼쳐지고 관람객과 함께 하는 사연소개, 프로포즈등 다양한 프로그램으로 관광객들에게 소중한 추억을 선사한다.',5,'https://www.mokpo.go.kr/build/images/1517/15172887/1517288785.jpg/500x334x85/500x334_1517288785.jpg'),(117,'목포 갓바위','전라남도 목포시 용해동 산86-24',34.79203,126.4258,'천연기념물 제500호로 지정된 갓바위는 두 사람이 나란히 삿갓을 쓰고 서 있는 모습의 바위로 약 8천만년전 화산재가 굳어진 용결응회암이다.예전에는 배를 타고 나가야만 볼 수 있었던 갓바위를 해상에서 직접 조망할 수 있는 보행교를 바다위에 설치하여 더욱 가까이에서 볼 수 있다.',5,'https://www.mokpo.go.kr/contents/17282/gatbawi_legend2.jpg?build_20220803001'),(118,'자연사박물관','전라남도 목포시 남농로 135',34.79373,126.4211444,'자연사박물관은 자연사관, 문예역사관으로 이루어져 있다. 자연사관은 중앙홀, 지질관 등 7개 전시실에 지구 46억년의 자연사를 고스란히 보여주고 있으며, 특히 세계에서 단 2점 뿐인 공룡화석 프레노케랍토스와 전남 신안군 압해도에서 발굴해서 복원한 세계적 규모의 육식공룡알 둥지 화석이 전시되어 있으며 공룡모형, 화석, 식물, 곤충, 조류, 어류 표본등 국내 최대 규모로 총 4만여점의 방대한 자료를 소장, 전시하고 있다.\n지상 2층, 천 773평 규모의 46억년 지구의 역사를 이해할 수 있는 운석, 광물, 화석, 조포유류박제, 곤총, 식물 및 어류 표본 등 5만여점을 소장 전시하고 있다.\n또한 지역적 특성을 살린 자연생태 표본 연출과 관람객들이 직접 만지고 느낄 수 있는 체험코너도 마련되어 있다.',5,'https://www.mokpo.go.kr/build/images/1516/15169556/1516955668.jpg/500x334x85/500x334_1516955668.jpg'),(119,'목포 근대역사관 1관','영산로29번길 6',34.78753,126.3821001,'목포근대역사관 1관 (구, 일본영사관)\n목포에서 가장 오래된 이 건물은 1897년 10월 목포항이 개항되고, 1898년 10월 목포일본영사관이 목포에 설치됨에 따라 영사관으로 지은 것이다. 일본은 영사관이 건립되기 전까지 조선정부로부터 만호청(1895년 폐진된 목포진)을 빌려 사용하였고, 유달산 고지대에 가건물을 지어 이관하였으며, 다시 현재의 위치인 대의동에 목포일본영사관과 부대시설인 경찰서·우편국 등을 함께 마련하였다. 당초 일본영사는 무안감리에게 목포일본영사관 부지 16,028평방미터를 요청하였으나, 이신청을 접수한 조선정부는 9,483평방미터만을 승인하였다.\n공사비 7만여 원을 들여 1900년 1월에 착공하여 12월에 완공한 것으로 일본인들의 기록이 전해온다. 이후 목포이사청, 목포부청사 등으로 사용되었고, 광복이후 1947년부터 목포시청, 1974년부터 (구)목포일본영사관, 1990년 1월부터는 목포문화원으로 사용되다 최근 목포문화원이 이전함에 따라 보수 후 2014년 목포근대역사관 1관으로 개관하였다.',5,'https://www.mokpo.go.kr/build/images/1517/15172735/1517273510.jpg/500x334x85/500x334_1517273510.jpg'),(120,'목포 근대역사관 2관','전라남도 목포시 번화로 18',34.78594,126.3814537,'목포근대역사관 2관 (구, 동양척식주식회사 東洋拓植株式會社목포지점,1921년 건립)\n우리에게 지난 세기는 격동과 파란의 시기였고, 슬픔과 기쁨이 무수히 교차했던 혼란스러운 시간이었다.\n한 치 앞을 예측할 수 없는 상황속에서, 사람은 물론 도시들도 갑자기 부상하고 쇠퇴하곤 했다. 항도 목포의 110년 전 모습은 과연 어떠했을까. 목포근대역사관에 그 해답이 있다.\n목포근대역사관은 근세 서양건축의 양식을 잘 간직하고 있는데, 한국 역사의 자각의식을 불러 일으키는 일제 침략의 실증적 유적으로 현재 남아있는 2곳의 동양척식주식회사 중 한곳으로 부산의 동척에 비해 규모면에서 앞선다. 또한 건축사적인 측면에서도 근대 건축기법의 연구에 많은 도움을 주는 중요한 자료가 되고 있다.',5,'https://www.mokpo.go.kr/build/images/1517/15172748/1517274827.jpg/500x334x85/500x334_1517274827.jpg'),(121,'어린이바다박물관','전라남도 목포시 삼학로92번길 98',34.78192,126.3888856,'목포어린이바다과학관은 해양과학에 대한 차별화된 체험교육을 제공하여 21세기 해양시대의 주역인 어린이에게 과학적 사고와 능력을 심어주고자 한다.\n그리고, 서남권 해양과학교육시설로서 해양문화도시로 성장하는데 기반을 조성하는데 목표를 두고 있다.\n목포어린이바다과학관은 크게 5개 전시공간을 두고 있다. 먼저 \'바다상상홀\'은 과학관의 진입부로 어린이들에게 바다를 상상하면서 호기심을 갖도록 하는 전시공간이다. 다음의 \'깊은바다\' 전시공간은 \'바다와 탐사\'라는 주제로 심해저에서 발견되는 해저자원 및 해저지형을 잠수정을 이용해 탐사하는 과정을 \'우글우글 자원탐사\', \'요리조리 바다탐사\' 등의 체험공간으로 구성하고 있다.',5,'https://www.mokpo.go.kr/build/images/1517/15172922/1517292241.jpg/500x334x85/500x334_1517292241.jpg'),(122,'서산동 시화골목','전남 목포시 서산동 11-13',34.78254,126.3767812,'서산동 시화골목은 목포 인문도시사업의 일환으로 2015년부터 시작하여 2년간 주민과 작가가 함께 목포의 대표적인 어촌마을인 서산동 골목길 일대를 예술의 향기를 불어넣은 곳으로 서산동 주민들이 직접 지은 시와 목포 지역에서 활동하는 시인 10여명이 서산동을 주제로 시를 짓고 골목 사이사이에 시가 쓰여있는 목판화와 꽃을 조성하고 또한 어촌마을인 서산동에 어울리는 바다낚시, 풍경, 배등의 소재로 다양한 기법의 벽화를 조성하여 보는이로 하여금 정감있고 화사한 마을로 재탄생 시킨곳이다.',5,'https://www.mokpo.go.kr/build/images/1588/15880541/1588054124.jpg/1200x1x85/1200x1_1588054124.jpg'),(123,'삼학도','전남 목포시 산정동 1459',34.78398,126.3920114,'세 마리 학이 내려앉은 전설의 섬, 삼학도\n한 청년을 사모한 세 여인이 죽어 학이 되었고 그 학이 떨어져 죽은 자리가 섬이 되었다는 이야기가 전해지는 삼학도는 현재 어린이바다과학관과 김대중노벨평화상기념관이 있으며\n목포의 눈물을 부른 가수 고(故) 이난영 여사를 기념하는 이난영공원이 조성되어 있어 \'목포는항구다\' \'목포의눈물\' 노래가 흘러나온다.\n현재 삼학도는 소삼학도, 중삼학도, 대삼학도인 세개의 섬을 잇는 아담한 다리로 연결되어 삼학도 공원을 따라 거니는 산책로와 운치있는 밤 풍경을 만끽할 수 있다.',5,'https://www.mokpo.go.kr/build/images/1517/15172894/1517289412.jpg/1200x1x85/1200x1_1517289412.jpg'),(124,'요트마리나','전라남도 목포시 삼학로 88-56',34.78348,126.3898983,'목포시를 해양관광 중심도시로 발전시켜 나가기 위해 2009년 7월에 준공된 목포요트마리나는 대지 면적 15,545m²규모로 삼학도에 위치하고 있다.\n목포항 수역은 요트 세일링을 하기에 최고의 조건을 구비하고 있는데 이곳에 위치한 목포요트마리나는 유달산의 낙조와 흰색의 요트가 어우러진 이국적인 풍경과 함께 도심의 생활공간에 인접해 있어 외부 관광객 및 도시민들이 즐겨 찾는 친수공간의 역할을 하고 있다',5,'https://www.mokpo.go.kr/build/images/1517/15172909/1517290994.jpg/500x334x85/500x334_1517290994.jpg'),(125,'빛의거리','전라남도 목포시 수문로 11',34.79152,126.384578,'르네상스시대 말기인 16세기에 이탈리아 나폴리왕국에서 왕비의 행차를 기념하기 위한 장식에서 시작되어 성인(聖人)을 기리고\n빛이 가진 정신 가치를 나타내기 위한 종교의식으로 발전한 빛의 축제 (이탈리아어 : 루미나리에) 는 조명으로 건축물을 만들거나 치장하여\n축제를 펼치므로 빛의 예술 또는 빛의 조각이라고도 한다.\n\'걷고 싶은 빛의 거리\'는 목포극장 앞 5000m와 구 평화극장, 보해상가 앞 400m도로에 5가지 모형과 5가지 색으로\n터널식(갤러리아, Galleria) 65개와 소품 10개의 루미나리에가 설치되어 환상적인 야경을 365일 감상할 수 있다.',5,'https://www.mokpo.go.kr/contents/17351/street1.jpg?build_20220803001'),(126,'목포 해상케이블카','전라남도 목포시 해양대학로 240',34.79936,126.37006,'목포해상케이블카는 목포 시내 북항스테이션을 출발하여 유달산 정상부에서 \'ㄱ\'자로 꺾여, 해상을 지나 반달섬 고하도에 이르는 국내 최장 케이블카입니다.\n다도해의 금빛 낙조와 야경을 감상할 수 있는 목포해상케이블카는 총 길이 3.23km의 압도적인 탑승거리와 볼거리로 베트남 빈펄케이블카를 능가하는 아시아 최고의 노선으로 평가되고 있습니다.',5,'http://www.mmcablecar.com/images/sub/cablecar/home1.jpg'),(127,'해남공룡박물관','전라남도 해남군 황산면 공룡박물관길 234',34.59,126.4374428,'해남공룡박물관은 호남에서 최초로 발견된 해남 우항리 공룡과 익룡의 발자국 화석 산지를 간직하고, 자연 문화 유산으로 체험하게 하기 위하여 설립한 박물관이다.',5,'http://haenam.grandculture.net/Image?localName=haenam&id=GC073P00523&t=middle'),(128,'포레스트수목원','전남 해남군 현산면 황산리 산 1-33',34.45,126.5983099,'해남 포레스트(4est) 수목원은 땅끝 해남 두륜산 서쪽 아래에 위치한 작은 마을 황산리 봉동골짜기 숲속에 자리하고 있는 민간수목원이랍니다. 계절 꽃이 핀다는 수목원에는 여름꽃 수국이 활짝 피어 있답니다.\n국내최다 품종을 보유하고 있는 국내최대 수국정원! 코로나19 안심관광지 25 선정된 해남가볼만한 곳! 4est수목원 & 포레스트수목원입니다.',5,'https://course100.atygabia.com/1528791582985/image/resize_bc7246cfd89e4fef967746c904c99f6d.jpg'),(129,'진도아리랑마을','전남 진도군 임회면 아리랑길 95-5',34.38,126.2308933,'2012년12.5 유네스코에 등재된 \'아리랑\' 은  대한민국 지역에서 통용되는 아리랑을 대상으로 하고 있고, 무형유산협약상 등재신청 요건을 모두 충족하고 있을 뿐 아니라 무형유산보호정부간위원회에 각 유산에 대한 등재 여부를 권고하는 심사보조기 구도 만장일치로 \'등재\' 권고판정 (금번36개 심사 대상 중 2개만  만장일치 권고)을 한바 있다.\n아리랑마을 관광지는 임회면 상만리 귀성마을 비롯한 팔도아리랑과 진도홍주에 대한 이해를 넓힐 수 있는 문화공간이다.',5,'https://www.jindo.go.kr/uploads/tour/info/history/201612230405197620.jpg'),(130,'순천만국가정원','전라남도 순천시 국가정원1호길 47',34.93,127.4990628,'2013년 4월 20일부터 10월 20일까지 순천만국제정원박람회를 개최하게 되면서 조성되었다. 2013년 4월 20일부터 10월 20일까지 6개월간 개장된 국제 공인 정원박람회로, 국제원예박람회 인증기구인 국제원예생산자협회(AIPH)의 승인으로 2009년 9월 16일 유치가 확정되었다.\n박람회가 폐막한 뒤 2014년 4월 20일에 순천만정원이라는 이름으로 영구적으로 개장하였고, 2015년 9월 5일에 국가정원 1호로 지정되었다.',5,'https://scbay.suncheon.go.kr/garden/images/cont/garden_pic.jpg'),(131,'순천만습지','전라남도 순천시 순천만길 513-25',34.89,127.5095088,'순천시내를 관통하는 동천과 상사면에서 부터 흘러온 이사천이 만나는 지점에서부터 하구까지 약 3㎞ 길이의 강을 따라 5.4㎢(170만 평)의 갈대와 22.6㎢(690만 평)의 갯벌이 형성되어 있다. 순천만은 한국에서 갯벌이 만들어지는 전 과정을 볼 수 있는 유일한 연안습지이자 세계5대 연안습지로서 340여 종의 다양한 식물과 239종의 조류가 공존하고 있다.\n순천만이 자연·생 태 측면에서 보전 가치를 인정받고 명성을 이어가기까지는 여러 일 이 있었지만 큰 틀은 자연과 인간이 공존하기 위한 과정이었으며 시 민들과 함께 이루어낸 결과였다.',5,'https://scbay.suncheon.go.kr/wetland/images/cont/photo/1000/scbay-0052.jpg'),(132,'군산 근대역사박물관','전라북도 군산시 해망로 240',35.99088,126.7121,'근대역사의 중심도시, 군산에 자리한 군산근대역사박물관은 군산의 근대문화 및 해양문화를주제로 하는 특화박물관이자 지역박물관으로서 방문객들이 군산의 역사와 문화를 체험할 수있는 공간을 제공하고 있습니다. 도시의 근대 역사를 추적하는 박물관으로 1930년대 일본 식민지 시대 도시를 재현했습니다.',6,'https://i7d110.p.ssafy.io/api/image/download/tripplace68.jpg'),(133,'군산 근대미술관','전북 군산시 해망로 230',35.98993,126.7127,'구 일본 18은행 군산지점(군산 근대미술관)은 일본 나가사키(長崎)에 본사를 두고 있던 은행으로, 숫자18은 은행 설립인가 순서를 의미한다. 군산지점은 조선에서 7번째 지점으로 1907년에 설립되었다. 군산의 18은행은 주 업무가 무역에 따른 대부업이 주종을 이루었다. 광복후 대한통운 지점 건물로 사용되었으며 2008년 2월 28일 등록문화재 지정 이후 보수·복원을 통하여 군산 근대미술관으로 활용하고 있다.',6,'https://museum.gunsan.go.kr/new/img/slide/con2_slide4.jpg'),(134,'(구)군산세관 본관','전라북도 군산시 해망로 244-7',35.9914,126.7114,'벨기에에서 수입해 온 적벽돌로 되어 있는 유럽 양식의 건물로, 서울역사와 한국은행본점 건물과 같은 양식이다. 지붕은 연화조동판으로 되어있으며 지붕 위에는 3개의 뾰족한 탑이 있다. 외부는 벽돌로 짓고, 내부는 목조로 지었다. 이름이 알려지지 않은 독일인이 건물을 설계하였으며, 1899년(광무 3년) 5월 1일 인천세관 관할로 군산세관을 설치하였고, 1906년 청사를 계획, 1908년 6월 20일에 준공하였다.',6,'https://i7d110.p.ssafy.io/api/image/download/tripplace69.jpg'),(135,'경암동 철길마을','전라북도 군산시 경촌안3길 49',35.98129,126.735,'경암동 철길마을은 1944년 전라북도 군산시 경암동에 준공하여 페이퍼 코리아 공장과 군산역을 연결하는 총 연장 2.5km 철로 주변의 마을을 총괄하여 붙인 이름이다. 마을이 위치한 행정 구역 명칭에 따라 철로 주변에 형성된 마을을 경암동 철길 마을이라 부르기 시작했다. 1944년 일제 강점기 개설된 철도 주변에 사람들이 모여 살기 시작하면서 동네를 이루었고 1970년대 들어 본젹적으로 마을이 형성되었다. 경암동 철길은 일제 강점기인 1944년에 신문 용지 재료를 실어 나르기 위해 최초로 개설되었으며, 1950년대 중반까지는 \'북선 제지 철도\'로 불렸으며 1970년대 초까지는 \'고려 제지 철도\', 그 이후에는 \'세대 제지선\' 혹은 \'세풍 철도\'로 불리다 세풍 그룹이 부도나면서 새로 인수한 업체 이름을 따서 현재는 \'페이퍼 코리아선\'으로 불리고 있다.',6,'https://i7d110.p.ssafy.io/api/image/download/tripplace70.jpg'),(136,'동국사','전라북도 군산시 동국사길 16',35.9827,126.707355,'동국사(東國寺)는 1909년 일본 승려 선응불관 스님에 의해 창건되어 일제 강점기 36년을 일인 승려들에 의해 운영되다가 1945년 8월 15일 해방을 맞이하여 대한민국의 품으로 돌아온 뼈아픈 역사를 간직하고 있는 사찰이다. 그리하여 대한제국과 일제 강점기 시대를 거쳐 오늘에 이르고 있다. 우리나라에 남겨진 유일의 일본식 사찰로 대웅전과 요사채가 실내 복도로 이어진 것이 특징이다. 화려한 단청이 있는 우리나라와는 달리 아무런 장식이 없는 처마와 대웅전 외벽에 많은 창문이 일본색을 나타낸다. 조계종 제 24교구인 고창 선운사의 말사로, 동국사의 대웅전은 2003년 7월에 국가지정 등록 문화재로 지정되었다. 동국사의 본래 이름은 금강선사였다. 금강선사는 1909년 일본인 승려 내전불관이 군산에 포교소를 개설하면서 창건한 조동종 사찰이다.',6,'https://upload.wikimedia.org/wikipedia/commons/thumb/9/9b/Dongguktemple.jpg/640px-Dongguktemple.jpg'),(137,'해망굴','전라북도 군산시 군산창2길 48',35.99127,126.7048,'군산시의 월명산 자락 북쪽 끝에 자리한 해망령을 관통하는 터널로서 수산물의 중심지인 해망동과 군산시내를 연결하기 위해 만들어진 것으로 1926년에 시작된 제 3차 축항공사를 통해 화물하차장 확대, 부잔교 추가설치, 창고건설 등이 수행되었고 해망굴도 이 과정에서 완공된 것이다. 한국전쟁 중에는 군산에 진주한 인민군 지휘소가 이곳에 자리하여 매일 같이 연합군과 공군기들의 기관총 폭격을 받아 총알자국이 남아 있었다고 한다. 현재는 자동차의 출입을 막아 보행자만 통과가 가능하다 군산항의 제3차 축항공사 기간이었던 1926년 10월 16일 당시 구시청 앞도로인 명치통(중앙로1가)과 수산업의 중심지인 해망동을 연결하고자 길이 131m 높이 4.5m의 규모로 만들어 졌다.',6,'https://i7d110.p.ssafy.io/api/image/download/tripplace71.jpg'),(138,'군산 일본식가옥','전라북도 군산시 신흥동 구영1길 17',35.98608,126.706095,'히로쓰가옥이 위치한 신흥동 일대는 일제강점기 군산시내 유지들이 거주하던 부유층 거주지역으로 포목점을 운영하던 히로쓰 게이샤브로가 지은 주택으로 (구)호남제분의 이용구 사장명의로 넘어가 오늘날까지 한국제분의 소유로 되어 있으며 영화 \'장군의 아들\', \'바람의 파이터\', \'타짜\' 등 많은 한국 영화와 드라마가 이 주택에서 촬영되었다. 건물의 형태는 근세 일본 무가(武家)의 고급주택 양식을 띄고 있다. 목조 2층 주택으로, 지붕과 외벽 마감, 내부, 일본식 정원 등이 건립 당시의 모습을 유지하고 있어 건축사적 의의가 크다.2005년 국가 등록 문화재로 지정된 이후 군산시에서 관리하면서 관람객을 위해 개방하고 있다.\n군산 신흥동 일본식 가옥은 군산의 대표적인 근대기 주택으로서 건축물의 규모가 크고 원형이 잘 보존되어 있다. 일본식 주택의 특성이 잘 나타나는 건축물로 일제 강점기 군산에 거주하였던 일본 상류층 주택의 모습을 잘 보여주고 있다.',6,'https://i7d110.p.ssafy.io/api/image/download/tripplace72.jpg'),(139,'진포해양테마공원','전라북도 군산시 내항2길 32',35.98923,126.7174638,'진포해양테마공원은 고려 말 최무선 장군이 함포를 만들어 왜선을 500여 척이나 물리쳤던 진포대첩을 기념하기 위하여 2008년에 개관한 해양공원이다. 항만을 끼고 있는 광활한 바다를 배경으로 지금은 쓰지 않는 군대 장비 13종 16대를 볼 수 있다. 월남전 등에 투입되었던 위봉함을 비롯한 해군함정, 장갑차, 자주포, 전투기 등 나라를 지키기 위해 최일선에서 활동하다가 퇴역한 육,해,공군 장비들이 전시 중이다. 군장비 내부 안에 들어가 직접 승선 체험을 할 수 있다. 위봉함 내부에는 진포대첩 모형과 당시에 쓰였던 무기, 최무선 장군이 만든 화포이야기, 군함 병영 생활 체험 등을 전시해놓은 전시관이 마련되어 있다.',6,'https://i7d110.p.ssafy.io/api/image/download/tripplace73.jpg'),(140,'군산 초원사진관','전라북도 군산시 구영2길 12-1',35.9877,126.7084,'군산 초원사진관은 배우 한석규, 심은하 주연의 영화 \'8월의 크리스마스\' 촬영지로 유명한 곳이다. 이 영화는 아버지를 모시며 시한부 인생을 사는 사진사 정원(한석규)과 어느 날 그의 앞에 나타난 주차단속요원 다림(심은하)의 못다 한 사랑을 그려낸 작품이다. 영화의 대부분은 군산시 월명동 초원사진관에서 촬영됐다. 영화 제작 당시 \'8월의 크리스마스\' 제작진은 세트 촬영을 하지 않기로 하고 전국 사진관을 찾았지만 마땅한 장소를 찾지 못했다. 그러던 중 잠시 쉬러 들어간 카페 창밖으로 여름날의 나무 그림자가 드리워진 차고를 발견하고 주인에게 허락을 받아 사진관으로 개조했다. \'초원사진관\'이란 이름은 주연 배우인 한석규가 지은 것인데, 그가 어릴 적에 살던 동네 사진관의 이름이라고 한다. 촬영이 끝난 뒤 초원사진관은 주인과의 약속대로 철거됐다가 이후 군산시가 다시 복원해 군산을 방문하는 사람들을 위해 무료 개방을 하고 있다. 초원사진관에는 영화 속에 등장했던 사진기와 선풍기, 앨범 등이 고스란히 전시돼 있으며, 관리인들은 관광객들이 찍은 사진을 직접 이메일로 보내준다.',6,'https://www.gunsan.go.kr/www/images/ntour/images/content/img_timeDe9_1.jpg'),(141,'군산 말랭이마을','군산시 신흥동 34-5번지',35.98635,126.7051,'신흥동은 현재의 일본식가옥(구.히로쓰가옥) 일대에 1930~40년대 무렵부터 일본인들이 집을 짓고 살게 되면서 주거지가 형성되기 시작했고 6.25전쟁 시기 피란민이 지금의 해망동, 신흥동 등지에 터를 잡고 살게 되면서 마을이 형성되었다. 이때 바위 위에 판자집을 \'다닥다닥 대어\' 집을 지었고 세월이 흘러 이곳은 초가지붕 가득한 동네가 되었는데, 산비탈을 의미하는 전라도 방언인 \'말랭이\'에 마을을 형성하였다 하여 사람들이 말랭이 마을이라 부르게 되었다. 현재는 인구 유출로 인한 원도심화가 진행되고 있으나 2014년 전라북도 대표관광지 육성사업으로 예술인 레지던스 9동과 전시관 8동이 조성되어 주민과 예술가들이 오순도순 함께 사는 마을로, 지붕 없는 미술관으로 변화될 것으로 기대를 모으고 있다. 전시관을 지나 비탈진 골목길을 따라 월명산에 오르면 금강하구가 서해와 만나는 바다를 조망할 수 있는 곳으로 해질녘 노을과 야간경관 명소이기도 하다.',6,'https://www.gunsan.go.kr/upload_data/board_data/TOUR/164456508909007.jpg'),(142,'군산 철새조망대','전라북도 군산시 성산면 철새로 120',36.02041,126.7645482,'전라북도 군산시 성산면 성덕리 금강 하굿둑에 위치한 금강 철새 조망대는 국내 최대 규모의 철새 관찰 시설이다. 철새가 깃들어 더욱 아름다워지는 금강의 경관을 실시간으로 관찰할 수 있는 망원경과 대형 P.D.P.가 설치된 철새 조망대를 비롯해 생태 체험 학습 시설을 갖춘 금강 조류 공원, 새의 내부를 관찰할 수 있는 철새 신체 탐험관, 부화 체험관, 생태 학습 체험관, 식물 생태관 등을 갖추어 겨울철 자연 학습에 도움이 되도록 기획하였다. 조망대에 오른 관광객들이 철새들이 서식하는 장면을 관찰하면서 자연 풍경의 아름다움을 느끼고 생태계를 보호하는 것이 중요한 일임을 느끼도록 할 목적으로 만들었고, 다양한 철새의 모습에서 금강호의 환경을 보호하여 더 많은 종류의 새들이 찾아오도록 기원할 수 있는 마음을 가질 수 있도록 한 것이다.',6,'https://www.gunsan.go.kr/upload_data/board_data/TOUR/150597942882394.jpg'),(143,'은파호수공원','전북 군산시 은파순환길 9',35.95533,126.689,'해질녘 물결이 반짝이는 아름다운 모습 때문에 은파라 불리는 이곳은 조선조 이전에 축조된 것으로 고산자 김정호 선생의 대동여지도에도 표시되어 있는 역사 깊은 곳이다.\n은파관광지는 본래 농업용 저수지였으나 저수지를 중심으로 인근의 작은 산들이 포함하여 2,578,524평방미터가 1985년 국민관광지로 지정되었고 순환도로가 완공되어 누구나 자동차를 타고 아흔아홉 구비라는 은파관광지의 주변을 모두 구경할 수 있게 되었다. 봄철이 되면 화사한 벚꽃길로 유명하여 친구,가족,연인들의 사랑을 받고 있다.\n또한 애기바우,중바우,개바우에 대한 설화를 배경으로 형상화한 미관교량 물빛다리와 오색찬란한 음악분수와 함께 빼어난 야경을 연출하여 찾는 이들에게 또 다른 볼거리를 제공하며 벚꽃산책로, 인라인스케이트장, 수변무대, 연꽃자생지 등 다양한 볼거리가 조성되면서 군산의 대표적인 관광지가 되었으며 은파관광지는 \"살기 좋은 지역만들기 지역자원 콘테스트\"에서 전국 100대 관광명소로 선정되었다.',6,'https://www.gunsan.go.kr/upload_data/board_data/TOUR/150598432191613.jpg'),(144,'미륵사지','전북 익산시 금마면 기양리 32-1',36.01252,127.0313,'미륵사지는 익산시 금마면 해발고도 430m의 미륵산 아래 넓은 평지에 펼쳐져 있어 동아시아 최대 규모의 사역을 자랑한다.\n백제 사찰로는 이례적으로 『삼국유사(三國遺事)』에 미륵사 창건 설화가 전한다. 무왕 부부가 사자사(師子寺)에 가던 도중무왕 부부가 사자사(師子寺)에 가던 도중 용화산 밑의 연못에서 미륵삼존(彌勒三尊)이 나타났는데, 왕비의 부탁에 따라 이 연못을 메우고 세 곳에 탑과 금당, 회랑을 세웠다고 한다. 이 설화를 통해 확인할 수 있는 사실은, 우선 미륵사가 백제의 국력을 모은 국가적 가람이었고, 습지를 매립하여 평지를 조성하였으며, 미래의 부처인 미륵이 하늘에서 내려와 세 번의 설법을 통해 모든 사람을 구제한다는 불교경전의 내용에 따라 가람배치를 구현했다는 점이다. 이들 사항은 1974년부터 이어진 23년간의 고고학적 조사를 통해 대부분 사실로 드러났다. 조사 결과 사찰의 창건 연대는 무왕 재위기인 7세기 초이고, 임진왜란(壬辰倭亂)을 전후하여 폐사(廢寺)된 것으로 밝혀졌다. 용화산밑의 연못에서 미륵삼존(彌勒三尊)이 나타났는데, 왕비의 부탁에 따라 이 연못을 메우고 세 곳에 탑과 금당, 회랑을 세웠다고 한다. 이 설화를 통해 확인할 수 있는 사실은, 우선 미륵사가 백제의 국력을 모은 국가적 가람이었고, 습지를 매립하여 평지를 조성하였으며, 미래의 부처인 미륵이 하늘에서 내려와 세 번의 설법을 통해 모든 사람을 구제한다는 불교경전의 내용에 따라 가람배치를 구현했다는 점이다. 이들 사항은 1974년부터 이어진 23년간의 고고학적 조사를 통해 대부분 사실로 드러났다. 조사 결과 사찰의 창건 연대는 무왕 재위기인 7세기 초이고, 임진왜란(壬辰倭亂)을 전후하여 폐사(廢寺)된 것으로 밝혀졌다.',6,'https://iksan.museum.go.kr/site/kor/images/sub06/sub0604_img03.jpg'),(145,'국립익산박물관','전라북도 익산시 금마면 미륵사지로 362',36.01148,127.0286798,'익산 미륵사지에 대한 발굴조사는 국립문화재연구소에 의해 1980년부터 1996년까지 장기간에 걸쳐 이루어졌습니다. 그 과정에서 백제 당시의 사찰 규모와 가람배치를 확인하고, 창건기부터 조선시대에 이르는 19,000여 점의 문화재를 수습했습니다. 그 후 미륵사지에서 출토된 문화유산을 효율적으로 보존하고 전시하고 교육 자료로 활용하기 위해 1997년 전라북도가 주체가 되어 미륵사지유물전시관을 개관했습니다. 한편, 2009년 1월에는 미륵사지 석탑(국보 11호) 해체 보수 작업 과정에서 다량의 사리장엄구가 출토되었고, 2015년 7월에 미륵사지와 왕궁리 유적이 유네스코 세계문화유산에 등재되었습니다. 이에 미륵사지를 비롯하여 익산 지역에서 출토되는 문화유산의 체계적인 관리와 활용의 필요성이 커졌고, 2015년 12월 말에는 기존 도립 전시관이 국립으로 전환 되었습니다.',6,'https://upload.wikimedia.org/wikipedia/commons/thumb/2/24/Mireuksaji_National_Museum.jpg/640px-Mireuksaji_National_Museum.jpg'),(146,'보석 박물관','전라북도 익산시 왕궁면 호반로 8',35.99053,127.1023516,'보석박물관은 미륵사지 석탑, 왕궁리 5층석탑 등 백제문화유적과 연계한 관광자원으로 활용하여 관람객이 편리\n하게 이용할 수 있는 문화공간 뿐 아니라 보석에 대한 상징과 교육의 장으로 활용하기 위해 건립되었으며, 총 부지\n면적 141,990㎡ 규모의 왕궁보석테마관광지 내에 1996년부터 시작하여 2002년 5월에 완공 개관하였습니다.\n주요시설로는 지하1층 지상2층 연면적 6,215㎡ 규모의 보석박물관 지하에는 수장고와 기계실이 있으며 1층에는\n기획전시실과 카페테리아, 2층 상설전시실에는 진귀한 보석과 원석을 전시하고 있습니다.',6,'https://www.iksan.go.kr/upload_data/board_data/BBS_TOUR_NTOUR/144677370243672.jpg'),(147,'격포해수욕장','전북 부안군 변산면 격포리',35.63002,126.4696,'부안 격포 해수욕장은 변산반도 국립공원에 속해있는 해수욕장으로 간만의 차가 심하지 않고, 물이 맑으며 경사가 완만한 것이 특징입니다.\n무엇보다 채석강의 절경을 가장 가까이서 볼 수 있다는 것이 격포 해수욕장이 가진 큰 매력입니다.\n또한 격포 해수욕장에서 채석강으로 가기 위해 겹겹이 쌓인 퇴적층을 거닐다 보면 자연이 주는 아름다움과 절경 그리고 작은 자연의 선물을 찾아볼 수 있습니다.',6,'https://tour.jb.go.kr/attachfiles/ctnt/20220623/20220623165241517.jpg'),(148,'삼례문화예술촌','전라북도 완주군 삼례읍 삼례역로 81-13',35.90579,127.0657,'삼례문화예술촌은 1920년 일제 강점기 시대 호남지방 수탈의 아픔이 담겨있던 근현대사 역사적 의미를 지닌 곳입니다.\n옛 삼례역과 군산역을 통해 일본으로 양곡을 반출할 목적으로 만들어진 대규모 곡물 창고였습니다.\n해방 이후 2010년까지 삼례 농협 저장고로 사용되었고, 완주군이 주변 일원을 매입해 미술전시, 공연예술, 문화체험 및 교육 프로그램이 담겨 있는 2013년 6월, 지역 문화예술 재생 공간으로 재탄생 했습니다.\n삼례문화예술촌은 1920년대 지어진 양곡 적재를 위한 목조구조 건물로 양식과 흔적이 보존되어 있어 예술촌 내부 건축물이 등록문화재로 지정되었고, 전라북도 대표관광지로 선정되었습니다.',6,'https://i7d110.p.ssafy.io/api/image/download/tripplace74.JPG'),(149,'고산자연휴양림','전라북도 완주군 고산면 오산리 산43-1',35.96144,127.2330845,'고산면 오산리에 위치한 고산자연휴양림은 삼림욕을 즐길 수 있는 사계절 가족휴양지로 각광을 받고 있다. 이곳은 낙엽송, 잣나무, 리기다 등이 빽빽이 들어선 조림지와 활엽수, 기암절벽 등이 어우러져 호젓한 휴식을 취하기에 더 없이 좋은 곳이다.\n봄에는 철쭉, 산벚과 같은 각종 야생화가 만발하여 꽃의 제전을 펼치는가 하면 여름에는 울창한 숲과 계곡을 따라 흐르는 맑고 시원한 물이 무더위를 식혀준다. 또한, 가을에는 마치 붉은 양탄자를 펼쳐 놓은 듯 온 산을 덮은 단풍들이 보는 이의 감탄을 자아내게 하고 겨울에는 기막힌 설경이 놓칠 수 없는 구경거리를 제공해 준다.',6,'https://image.foresttrip.go.kr/frip/08343b24-f936-4c5a-b801-40f1080919a1.JPG'),(150,'술테마박물관','전라북도 완주군 구이면 덕천전원길 232-58',35.72611,127.1361987,'우리 술의 시원부터 일제강점기 전통주 말살기까지의 역사적 자료 및 관혼상제 속 에서 술의 역할과 의미를 재현, 전시한 공간입니다.\n대한민국 반만년 역사와 함께한 우리술은 한 해 농사의 풍년과 안녕을 기원하는 제천의식, 농경문화를 통해 발달하였습니다. 특히 전통주의 황금기로 불리는 조선시대는 손님접대와 제사를 위한 가양주 빚기, 술자리예법, 주안상차림을 비롯한 식도락 등 풍속과 예법에서 오늘날 음주 문화의 원형이 갖춰진 시기였습니다.\n중세 이전부터 일제강점기까지 한민족이 걸어온 삶과 문화의 일부였던 우리술의 영광과 부침의 이야기를 들어봅시다.',6,'https://sulmuseum.kr:444/images/sub/e_img0405.jpg'),(151,'물고기마을','전라북도 완주군 이서면 반교리 682-6',35.84604,127.029,'다양한 동물을 가까이서 보고 느낄 수 있는 체험장으로 동물먹이주기, 새모이주기, 신기한 동물관람, 동물그림그리기, 닥터피쉬체험, 어린이놀이방 등을 이용하실 수 있습니다. 물고기를 보는 순간 끊이없이 먹이를 달라고 따라다니는 물고기를 관찰하고 신비롭고 아름다운 물고기들에게 먹이를 주며 감동과 추억을 만들어 보세요.\n',6,'https://tour.jb.go.kr/attachfiles/ctnt/20190115/20190115172153325.jpg'),(152,'임실치즈마을','전라북도 임실군 임실읍 치즈마을1길 4',35.63625,127.2948,'전북 임실 치즈마을은 전주시로부터 약 20Km 거리에 위치하여 도심과의 접근성이 우수한 마을로써 \'한국치즈의 원조 임실치즈\'의 뿌리를 가진 마을입니다.\n치즈마을이 오늘의 모습을 갖추기까지는 벨기에 출신 디디에세스테벤스(한국명:지정환) 신부님과 심상봉목사님, 이병오 이장님과 같은 선구자와 주민들의 밤낮 없는 노력이 있었기에 가능했습니다. 1966년 지정환 신부님이 산양 두마리를 키우면서 치즈 만들기를 시작하였고, 느티나무로 마을가꾸기를 한 결과 \'느티마을\'로 불리우다가 마을총회를 통해 \'치즈마을\'로 개칭하게 되었습니다.',6,'http://cheese.invil.org/image/jeonbuk/cheese/01/01_02_01_01_img.jpg'),(153,'임실치즈테마파크','전라북도 임실군 성수면 도인2길 50',35.63304,127.3013673,'임실치즈의 맛과 멋이 깃든 체험교육의 장, 드넓은 초지, 유럽풍의 아름다운 경관을 무대로 펼쳐지는 문화관광의 장,\n임실치즈관광산업의 미래를 열어가는 중심, 임실치즈테마파크입니다.\n임실치즈를 테마로 한 국내 유일 체험형 관광지 임실치즈테마파크는 2004년부터 8년간의 사업기간을 거쳐\n2단계, 3단계 사업을 통하여 15만 제곱미터, 축구장 22개 넓이의 드넓은 초원 위에 조성되었습니다.',6,'http://www.cheesepark.kr/data/editor/2110/thumb-e00b0be72ee617b3735933e4e1c4ebeb_1634272105_64681_1200x676.jpg'),(154,'저스트글램핑','전라북도 임실군 강진면 방현리 351',35.56316,127.1470438,'임실군에 있는 캠핑장이다. 버블 텐트가 유명하다.',6,'https://img1.daumcdn.net/thumb/R1280x0/?scode=mtistory2&fname=https%3A%2F%2Fblog.kakaocdn.net%2Fdn%2FoUi30%2FbtraDA5de9p%2FipRxIJIDSuZgIA5nw7ko91%2Fimg.jpg'),(155,'전라북도종합사격장','전라북도 임실군 청웅면 청운로 168-46',35.58664,127.192926,'전라북도 종합사격장은 2003년 9월 9일 전라북도 임실군 청웅면에 준공되었습니다.\n국제 규격의 10미터 사격장, 25미터 사격장, 50미터 사격장, 클레이 사격장을 보유하고 있으며,\n동호회들의 활발한 활동으로 클레이사격, 10미터 사격등은 일반인들께서 바로 오셔서 체험할 수 있는\n서비스를 갖추고 있습니다.\n스포츠 사격 뿐만 아니라, 레져 사격으로 탈바꿈하고 있는 현대 사격의 수요를 맞추기 위해 쉽고 안전한\n사격체험 및 저변확대를 위해 노력하고 있으며, 국내 스포츠사격 대회 유치를 통해 명실상부\n대한민국 탑클래스 종합사격장의 면모를 갖추고 있다고 자부합니다.',6,'https://tour.jb.go.kr/attachfiles/ctnt/20220630/20220630133429339.jpg'),(156,'국립중앙과학관','대전광역시 유성구 대덕대로 481 (구성동)',36.37605661,127.3753154,'자연과 인간과 과학의 조화\'라는 주제 아래 5만여평의 대지위에 건립된 국립 중앙과학관은 산업기술, 자연사, 과학기술사 등에 관한 자료의 수집, 연구 및 전시를 통해 과학기술과 지식을 보급하고, 생활의 과학화를 도모하여 과학기술을 통한 선진화라는 목표를 실현하고자 지난 1990년 10월 9일 개관하였다. 야외전시장에는 비행기·프로펠러·에어보트 등의 대형전시물을 전시하고 휴식공간을 설치하였으며, 특별전시관에는 전국과학전람회 및 전국학생과학발명품경진대회 수상작품을 정기 전시하고 과학관 소장 전시품·희귀 소장품·각종 단체 특별전을 연다. 상설전시관에는 자연사·한국과학기술사·자연의 이해·자연의 이용 등 4개 분야 322개 주제로 4,200여 점의 전시물을 실물, 복원, 박제(剝製), 영상, 사진, 도해(圖解), 실험장치 등의 형태로 복합 전시하고 있다. 천체관은 돔형 건물로 70mm 대형 아스트로비전과 천체투영기 플라네타리움이 있다. 자연학습원은 총 10만 891㎡ 부지에 12㎞의 관찰로를 개설하여 주변에 각종 식물류(초본류 및 목본류)를 심었다. 아마추어 무선국(HAM)은 1992년 1월 16일에 개국하였으며 원하는 단체의 신청을 받아 공개 운영한다. 그외 새싹과학교실·탐구관 체험·수요실험교실·모형비행기 제작·성인컴퓨터교실 등의 과학교육프로그램을 운영하며, 주말별자리여행·천체과학교실·열린 관측회·자연사연구회·겨울철새 자연탐험대 등의 행사를 개최하고 있다.',7,'https://upload.wikimedia.org/wikipedia/commons/thumb/4/40/National_Science_Museum_2021.jpg/2560px-National_Science_Museum_2021.jpg'),(157,'대전 한밭수목원','대전광역시 서구 둔산대로 169',36.36913553,127.3880353,'지리적으로는 정부대전청사와 엑스포과학공원의 중앙 부분에 자리 잡고 있다. 1991년 6월 7일 근린공원으로 지정된 둔산대공원은 총 569천㎡으로 대전예술의전당, 평송청소년문화센터, 시립미술관, 이응노미술관 등 명실상부한 문화 예술의 메카이며, 수목원과 어우러져 문화가 가장 잘 갖추어져 있는 곳이기도 하다. 도심 속의 한밭수목원은 정부대전청사와 과학공원의 녹지축을 연계한 전국 최대의 도심 속 인공수목원으로 각종 식물종의 유전자 보존과 청소년들에게 자연체험학습의 장, 시민들에게는 도심 속에서 푸르름을 만끽하며 휴식할 수 있는 공간 제공을 목적으로 조성했다. 한밭수목원의 총 조성면적 387천㎡은 4단계로 구분 연차별로 조성하였으며, 서원(시립미술관 북측)과 남문광장은 2005년 4월 28일 개원하였고, 목련원, 약용식물원, 암석원, 유실수원 등 19개의 테마별 園으로 구성된 동원(평송수련원 북측)은 2009년 5월 9일 개원하였다. 또한 2011년 10월 29일 맹그로브를 주제로 열대식물원 개원, 공립수목원 제33호 등록, 연구관리동의 확충을 계기로 수목 연구 교육 기능 등을 더욱 강화하여 수목원의 본연의 기능을 충실히 할 수 있도록 하였다.',7,'https://upload.wikimedia.org/wikipedia/commons/0/03/Lydon_daejeon-arboretum-lake.jpg'),(158,'대전 엑스포 과학공원','대전광역시 유성구 대덕대로 480 (도룡동)',36.37715906,127.3870778,'우리나라 최초의 국제박람회기구(BIE)공인 전문 엑스포로 개최되었던 \'93년 대전세계박람회\'를 기념하기 위해 그 시설과 부지를 국민 과학교육의 장으로 활용하기 위하여 조성된 과학공원이다. 엑스포과학공원에는 대전세계박람회(1993)의 상징탑인 한빛탑과 대전세계박람회를 기념하기 위해 새롭게 재단장한 대전엑스포기념관이 있고, 각국에서 개최하였던 엑스포의 기념품 및 상징물이 전시되어있는 세계엑스포기념박물관에서는 200년간의 엑스포의 역사를 감상할 수 있으며, 어린이들이 교통관련 교육 및 교통의 역사를 체험할 수 있는 대전교통문화센터가 운영되고 있다. 이 외의 시뮬레이션관, 돔영상관, 전기에너지관, 첨단과학관, 에너지관, 자기부상열차, 음악분수, 꿈돌이광장 등은 대전시의 엑스포재창조사업 추진으로 현재 시설 철거 작업중이므로 관람이 불가능하다.',7,'https://images.unsplash.com/photo-1531818610858-bf9e2dd01fb1?ixlib=rb-1.2.1&ixid=MnwxMjA3fDB8MHxwaG90by1wYWdlfHx8fGVufDB8fHx8&auto=format&fit=crop&w=687&q=80'),(159,'엑스포 다리','대전광역시 유성구 대덕대로 604 (도룡동)',36.37242936,127.3880182,'엑스포다리는 한빛탑으로 유명한 엑스포과학공원과 대전 대표 관광지 중 하나인 한밭수목원을 잇는 다리다. 낮에는 나들이객들이 엑스포다리 주변에서 한가롭게 휴식을 즐긴다. 주변 자전거 대여소에서 자전거를 빌려 타는 사람들도 많다. 엑스포다리는 대전을 대표하는 야경 명소로도 이름 높다. 계절에 상관없이 일몰 시부터 23시까지 경관 조명이 켜진다. 게다가 여름철 주말이면 화려한 조명과 어우러진 음악분수가 물을 뿜는다. 관광객뿐 아니라 사진작가들이 엑스포다리를 선호하는 이유다.',7,'https://cdn.pixabay.com/photo/2017/11/11/11/20/expo-2938862_960_720.jpg'),(160,'식장산 문화공원','대전광역시 동구 세천동 산43-5',36.30380127,127.4835447,'식장산(623.6m)은 대전광역시 동구와 옥천군 군북면, 군서면 등 세 지역에 걸쳐있는 산이다. 대전광역시의 최고봉으로 충남의 최고봉 서대산(904m), 옥천의 최고봉 대성산(705m) 등 인접지역의 명산들과 어깨를 견주며 동구의 남동부를 수놓고 있는 산이다. 대전광역시가 지정한 482만㎡ 규모의 자연생태보전림을 품고 있는 이 산은 78과 187 속 224종 45변종의 식물과 노루, 다람쥐, 살쾡이, 너구리, 박쥐 등 포유류 45종, 조류 100여종, 파충류, 양서류 등이 서식하고 있는 생태의 보고다.\n식장산 문화공원은 세천공원부터 식장산 해돋이 전망대로 이어지는 생태공원으로 대천 최고의 야경 감상 명소로 꼽히던 식장산 정상부에 문화공원을 조성하였다. 특히 문화공원 내에 지은 전통누각이 운치를 더하고 있으며, 대전 전경을 한번에 조망할 수 있는 전망대도 위치해 있다. 누각과 전망대에서 바라보는 대전의 풍경을 감상하기 위해 남녀노소 많은 시민들이 발걸음을 하고 있다.',7,'https://upload.wikimedia.org/wikipedia/commons/c/c8/%EC%8B%9D%EC%9E%A5%EC%82%B0_%EC%A0%95%EC%83%81%EC%97%90_%EC%A1%B0%EC%84%B1%ED%95%9C_%EC%A0%84%EB%A7%9D%EB%8C%80_%EC%95%BC%EA%B2%BD.jpg'),(161,'각원사','충청남도 천안시 동남구 각원사길 245 (안서동)',36.8336413,127.1971072,'태조산은 천안의 진산으로 유량천, 산방천의 분수령을 이루고 있고 정상에 오르면 천안을 한눈에 내려다볼 수 있다. 고려 태조 왕건이 이 산을 중심으로해서 군사양병을 했다는 설에 인연하여 \'태조산\'이라는 이름이 지어졌다고 전해온다.대한불교 조계종 각원사는 남북통일을 기원하기위해 불교신도들과 많은사람들의 정성어린 성금들에 의해 1977년 5월 9일이 곳 태조산 중봉에 봉안하였다. 청동대불은 높이15M, 둘레30M, 귀길이175cm, 손톱길이 30cm, 무게 청동 60ton의 청동좌불은 태조산 주봉을 뒤로하여 서향을 바라보며 자비의 미소로 많은 중생들을 맞이하고 있다. 대좌불 좌측에 국내에서 규모가 가장 큰 대웅보전과 요사채를 비롯한 사찰건물이 짜임새있게 배치되어 많은 사람들의 기도처로 유명하다.',7,'https://i7d110.p.ssafy.io/api/image/download/tripplace75.jpg'),(162,'부여 백제문화단지','충청남도 부여군 규암면 백제문로 455',36.30633556,126.9066958,'충청남도 부여군에 위치한 백제문화단지는 찬란한 문화의 꽃을 피우던 백제역사문화의 우수성을 세계에 알리고자 건립한 한국 최대 규모의 역사테마파크이다. 넓은 부지 위에 웅장한 백제문화의 흔적이 남았다. 백제의 왕궁인 사비궁은 삼국시대 왕궁의 모습을 최초로 재현했다. 백제의 왕실 사찰 능사는 부여읍 능산리 유적을 실물 크기로 복원했다. 중문인 대통문을 지나 마주하는 능사 오층석탑은 단지에서 가장 두드러지는 건축물이다. 위례성은 한성백제 시기의 성으로 사비궁과는 다른 시대 백제의 모습을 살펴볼 수 있다. 제형루에 올라서면 단지 전체가 한눈에 들어온다.',7,'https://i7d110.p.ssafy.io/api/image/download/tripplace76.jpg'),(163,'간월도마을','충청남도 서산시 부석면 간월도리',36.60912358,126.4185591,'서산A지구 방조제 중앙에 위치하여 남쪽으로는 약 30km 길게 펼쳐진 천수만이 있고, 북동쪽으로는 간월호가 있어 바다와 육지와 호수가 잘 어우러진 간월도. 간월도 해변 광장에는 우리나라에서 최초로 건립된 음식물 기념탑인 \'어리굴젓 기념탑\'이 있다. 무학대사가 창건하고, 그 이후 송만공 대사가 간월임이라는 암자를 중건하였는데, 간월도는 그 암자의 이름에서 유래한다고 한다. 간월암은 작은 돌섬에 있어 하루에 2번 간조 때면 걸어서 갈 수 있다.',7,'https://i7d110.p.ssafy.io/api/image/download/tripplace77.jpg'),(164,'합덕성당','충청남도 당진시 합덕읍 합덕성당2길 16',36.79283607,126.7855301,'1929년 건축된 고딕 양식의 천주교 성당이다. 구 합덕성당의 전신은 고덕면 상궁리에 설립된 양촌성당으로 귀뜰리에 신부가 현 위치에 합덕성당을 건축하여 이전하고, 합덕성당으로 명칭을 바꾸었다. 그 뒤, 신 압덕성딩이 분할되었으며 그 후 다시 합덕성당으로 환원되었다.',7,'https://i7d110.p.ssafy.io/api/image/download/tripplace78.jpg'),(165,'안면암(태안)','충청남도 태안군 안면읍 여수해길 198-160',36.55935706,126.375067,'안면암은 대한불교조계종 금산사의 말사다. 사찰의 역사는 오래되지 않았으나 태안을 방문한 여행자들이 거의 들렀다 가는 필수 탐방 코스다. 그 이유는 사찰 앞쪽으로 펼쳐진 바다 풍광을 보면 바로 알 수 있다. 안면암 앞에서 여우섬까지 부표로 연결되어 바다 위를 걸어 섬까지 갈 수 있기 때문이다. 이 부교를 걷기 위해 많은 여행자들이 안면암을 찾는다. 부표 위에 목재를 덧대어 만든 다리 위를 흔들흔들 아슬아슬하게 걸어 여우섬까지 가게 된다. 물이 빠지면 부교를 건너는 묘미는 덜해도 갯벌에 사는 다양한 생물을 관찰하는 재미를 느낄 수 있다. 바다에서 바라보는 안면암의 풍광은 또 다르다. 여우섬을 천천히 돌아본 뒤 뭍으로 돌아오며 만나는 안면암은 이국적인 모습을 보여준다. 3층으로 지어진 안면암의 건축도 독특하다. 마치 단양 구인사를 보는 듯 계단으로 이어진 법당이 극락보전, 비로전, 나한전으로 연결된다. 법당 앞에 서서 바다 풍광을 바라보는 것도 특별하다. 삼성각과 용왕각도 함께 자리하고 있다. 무량수전과 신중단의 돌탱화를 비롯해 다양한 탱화도 볼 수 있다. 법당을 둘러싸고 있는 야외공간에는 다양한 크기의 불상과 불탑들이 있어 눈길을 끈다. 고즈넉한 산사에서 가족과 함께 재충전의 시간을 가질 수 있는 가족 단위 템플스테이도 가능하다.',7,'https://i7d110.p.ssafy.io/api/image/download/tripplace79.jpg'),(166,'꽃지해수욕장','충청남도 태안군 안면읍 승언리',36.49718834,126.3360069,'충남 태안군 안면읍 광지길에 자리한 꽃지해변은 5km에 이르는 백사장과 할배바위, 할매바위가 어우러져 그림 같은 풍광을 보여준다. 2개의 바위 너머로 붉게 물드는 낙조는 태안을 상징하는 아름다운 풍광 중 으뜸으로 꼽힌다. 예부터 백사장을 따라 해당화가 지천으로 피어나 \'꽃지\'라는 어여쁜 이름을 얻었다. 긴 백사장을 따라 걷거나 밀려오는 파도를 바라보며 데이트를 즐기는 연인과 가족의 모습도 꽃지해변의 풍경이 된다.꽃지해변을 상징하는 두 바위에는 슬픈 전설이 깃들어 있다. 신라시대 해상왕 장보고가 안면도에 기지를 두었는데, 기지사령관이었던 승언과 아내 미도의 금슬이 좋았다. 그러나 출정 나간 승언은 돌아오지 않았고, 바다만 바라보며 남편을 기다리던 미도는 죽어서 할매바위가 되었다. 할매바위보다 조금 더 바다 쪽으로 나간 곳에 있는 큰 바위는 자연스레 할배바위가 되었다는 이야기다. 바다로 나간 남편을 맞이하듯 마주선 두 바위가 애틋해 보인다. 썰물 때면 두 바위가 마치 한 몸인 듯 모래톱으로 연결되는 모습을 볼 수 있다. 한여름뿐 아니라 사계절 여행자들의 발길이 끊이지 않는 것은 바위와 어우러진 낙조 때문이다. 해질 무렵이면 할매바위, 할배바위 너머로 아름답게 물드는 일몰 풍경을 카메라에 담으려고 많은 사람들이 모여들어 진풍경을 펼친다.',7,'https://i7d110.p.ssafy.io/api/image/download/tripplace80.jpg'),(167,'드르니항','충청남도 태안군 남면 신온리',36.60714125,126.2893507,'드르니항은 충남 태안군 남면에 자리 잡고 있다. 일제강점기에 신온항으로 불렸고, 2003년부터 \'들른다\'라는 우리말을 활용해 드르니항으로 불리기 시작했다. 항구는 작은 규모지만 연중 낚시객들로 붐빈다. 대상 어종은 주꾸미를 비롯해 노래미, 우럭 등이다. 항에서는 꽃게 다리를 조망할 수 있다. 주변에는 마검포해수욕장과 청포대해수욕장이 있다.',7,'https://i7d110.p.ssafy.io/api/image/download/tripplace81.jpg'),(168,'논산 명재고택','충청남도 논산시 노성면 노성산성길 50 (노성면)',36.28221351,127.1311534,'충청남도 논산시 노성면에는 대문도 담장도 없이, 마을을 향해 활짝 열린 명재고택이 있다. 뒤로는 산줄기를 병풍으로 두르고, 앞에는 장방형의 커다란 연못을 두었다. 연못 안에는 자그마한 원형 섬이 있고, 그 안에 고택과 함께 300년의 세월을 보낸 배롱나무가 멋스러운 곡선을 그리며 운치를 더한다. 연못을 지나 앞마당의 섬돌을 오르면, 기단 위의 기품 있는 사랑채가 손님을 반긴다.\n명재고택은 조선 숙종(재위 1674∼1720) 때의 학자인 윤증(尹拯) 선생의 가옥으로, 그의 호를 따서 명재고택이라 불린다. 그는 임금이 무려 18번이나 벼슬을 내렸으나 일체 사양했을 만큼, 성품이 대쪽 같았다고 한다. 게다가 검소와 나눔의 미덕을 몸소 실천하고 후대에 가르쳤는데, 덕분에 은혜를 입은 사람들에 의해 동학혁명과 한국전쟁을 거치면서 고택이 소실될 뻔한 위기를 모면할 수 있었다고 한다. 이와 같은 윤증 선생의 성품을 반영하듯 고택은 다른 사대부 집안의 가옥에 비해 겉모습이 소박한 편이다. 하지만 자세히 들여다볼수록 기품이 느껴질 뿐 아니라, 곳곳에 숨겨진 과학적 설계에 감탄하게 된다.\n전면이 개방된 사랑채의 왼쪽으로 난 중문으로 들어서면, 안채가 나온다. 대청마루를 중심으로 좌우가 대칭을 이루는 \'ㄷ\'자형 구조인데, 안채 앞에 사랑채가 있어 전체적으로는 \'ㅁ\'자형을 이룬다. 사랑채에서 안채로 넘어오는 길에는 벽이 있는데, 이곳에 과학적인 원리가 숨어 있다. 문간에 벽을 설치하여 방문객이 안채의 내부를 볼 수 없도록 차단한 것이다. 단 벽 아래에는 공간이 나 있어, 안채의 마루에서는 그 공간으로 신발을 보고 방문객을 미리 짐작할 수 있었다고 한다. 여자들의 공간인 안채를 남자들이 함부로 들여다볼 수 없게 한 지혜인 것이다. 또한, 안채 옆으로 곳간채가 있는데, 두 건물을 나란히 두지 않고, 북쪽으로 갈수록 좁아지도록 두었다.\n여름에는 남쪽에서 불어온 바람이 북쪽의 좁은 통로를 빠져나가기 때문에 그 속도가 빨라져 주변이 서늘해지고, 겨울에는 반대로 북쪽에서 불어오는 바람이 남쪽의 넓은 통로를 빠져나가 매서운 북풍을 피할 수 있도록 했다. 덕분에 곳간채의 북쪽 끝 창고는 여름철에도 서늘해서, 이곳에 차갑게 보관해야 할 것을 둘 수 있었다. 사랑채는 큰사랑방을 중심으로 우측에는 대청이 있고, 좌측에는 누마루가 있다. 또 그 뒤로 작은사랑방과 안사랑방, 대문간이 이어진다. 명재고택의 객실은 안채의 건넌방을 비롯한 사랑채의 사랑방 3곳이다. 누마루를 포함한 사랑채를 통째로 예약해 독채로 사용할 수도 있다.\n더불어 마당 한쪽에는 초가 별채가 있고, 음향장비와 빔프로젝터가 설치된 초연당(超然堂)도 있어 단체 모임이나 공연을 할 수 있다. 현대식으로 개조한 욕실 겸 화장실도 깨끗하다. 사랑채에는 미닫이와 여닫이를 접목한 문이 있는데, 4쪽 미닫이문을 열고 다시 열면 여닫이문처럼 열리는 독특하고 과학적인 양식이다. 또한, 사랑채 누마루에 앉아 연못과 그 너머의 마을과 앞산을 내다볼 수 있다.\n고택의 오른편에는 수백 개의 장독대가 줄지어 늘어서 장관을 이룬다. 국산 해콩과 서해안의 천일염, 고택 내 우물에서 샘솟는 맑은 물을 사용해 전통 방식으로 담그는 장이 맛있게 익는 곳이다. 한겨울, 장독대 위에 눈이 소복이 쌓이면 하염없이 들여다보고 싶어지는 진풍경을 이룬다. 또한, 국악, 다례, 천연 염색 등의 다양한 유료 전통 체험이 준비되어 있다.',7,'https://i7d110.p.ssafy.io/api/image/download/tripplace82.jpg'),(169,'서동공원과 궁남지','충청남도 부여군 부여읍 궁남로 52',36.27189477,126.9102063,'궁남지는 신라 선화공주와 결혼한 무왕의 서동요 전설이 깃든 곳이다.\n『삼국사기』에 \'백제 무왕 35년(634) 궁의 남쪽에 못을 파 20여리 밖에서 물을 끌어다가 채우고, 주위에 버드나무를 심었으며, 못 가운데는 섬을 만들었는데 방장선산(方丈仙山)을 상징한 것\'이라는 기록이 있다. 이로 보아 이 연못은 백제 무왕 때 만든 궁의 정원이었음을 알 수 있다. 연못의 동쪽 언덕에서 백제 때의 기단석과 초석, 기와조각, 그릇조각 등이 출토되어 근처에 이궁(離宮)이 있었을 것으로 짐작된다.\n못 가운데 섬을 만들어 신선사상을 표현한 궁남지는 우리나라 최고(最古)의 인공정원으로 백제의 노자공은 일본에 건너가 백제의 정원 조경기술을 전해주었다고 한다. 백제가 삼국 중에서도 정원을 꾸미는 기술이 뛰어났음을 알 수 있다.\n사계절이 아름다운 관광지이다. 7월에는 천만송이 연꽃들의 아름다운 향연인 서동연꽃축제가 열리고, 10~11월에는 다양한 작품으로 꾸며진 굿뜨래 국화전시회가 열려 궁남지의 아름다움을 더해준다.',7,'https://cdn.pixabay.com/photo/2015/06/19/16/36/grant-815068_960_720.jpg'),(170,'예당관광지','충청남도 예산군 응봉면 예당관광로 161',36.6372442,126.8001767,'조선 후기의 실학자 이중환은 택리지에서 내포 땅이 충청도에서 가장 살기 좋은 곳이라고 썼다. 내포 땅이 바로 지금의 예산이다. 예당관광지는 현재 국민관광지 지정면적 56,000평 중 13,000평이 조성되었다. 주요 시설은 식당, 여관, 각종 편의시설 등 대중이 이용할 수 있는 것들이며 등산로와 주차장시설 테마를 간직한 관광지로 변모해가고 있다. 특히 예당저수지 주변의 산책로와 팔각정은 부산 태종대같은 운치를 느낄 수 있도록 조성하였으며 가족단위 산책과 친구, 연인과 함께 찾아가기에 좋다. 하절기에는 인근 지역 주민과 사시사철 낚시꾼의 명소로 활용되고 있으며 찾는 이로 하여금 호평과 함께 관광명소로 거듭나고 있다.',7,'https://i7d110.p.ssafy.io/api/image/download/tripplace83.jpg'),(171,'황금산','충청남도 서산시 대산읍 독곶리 산 230-2',36.99017001,126.3306108,'몽돌해변과 코끼리바위가 유명한 황금산은 서산 9경 중 제7경으로, 해송과 야생화가 어우러진 숲길과 몽돌로 이루어진 해안이 절경을 이룬다. 해발 156m의 낮은 산이지만, 산을 넘으면 코끼리바위가 있는 아름다운 해안절벽을 감상할 수 있다.\n원래 이름은 \'항금산(亢金山)\'이었으나 산이 있는 전체구역을 총칭하여 \'항금\'이라 했다고 한다. 옛날 평범한 금을 뜻했던 \'황금\'에 비해 \'항금\'은 고귀한 금으로 여겼다. 이 때문에 마을 선비들은 \'항금산\'으로 표기했다고 전한다.\n바다 한 가운데 우뚝 솟아 있어 마치 섬과 같은 모양새를 하고 있었으나 화학공장이 들어서면서 지금은 육지와 완전히 연결되어 있다. 서쪽은 바위 절벽으로 서해와 접해있고 금을 캤던 2개의 동굴이 남아있으며, 산 정상에는 예로부터 풍년과 안전을 기원했던 당집을 복원하여 매년 봄 제향을 지내고 있다.',7,'https://i7d110.p.ssafy.io/api/image/download/tripplace84.jpg'),(172,'무량사(부여)','충청남도 부여군 외산면 무량로 203',36.31718864,126.6930476,'충남 부여군 외산면에 자리한 천년고찰 무량사는 만수산 자락에 둥지를 틀었다. 신라 문무왕 때 범일국사가 창건한 사찰로 몇 차례 중수를 거쳐 오늘에 이르렀다. 국내 제일의 아미타 기도도량으로 사천왕문을 지나면 정면에 보물로 지정된 무량사 극락전이 보인다. 사천왕문은 무량사의 멋을 가장 잘 느낄 수 있는 위치로, 층 구분이 없는 2층 극락전과 오층석탑(보물), 석등(보물)이 일렬로 늘어서서 장관을 이룬다. 극락전 소조아미타여래삼존좌상(보물)도 위용을 자랑한다. 무량사는 생육신 매월당 김시습이 입적한 곳이다. 경내에 그의 부도와 초상화가 있다. 행정구역상 부여군에 속하지만 보령 시내에서 더 가깝다.',7,'https://i7d110.p.ssafy.io/api/image/download/tripplace85.jpg'),(173,'서산 해미읍성','충청남도 서산시 해미면 남문2로 143',36.71262804,126.5482216,'조선 시대의 대표적인 읍성이다. 읍성이란 읍을 둘러싸고 세운 평지성으로 해미읍성 외에 고창읍성, 낙안읍성 등이 유명하다. 해미읍성은 조선 성종 22년, 1491년에 완성한 석성이다. 둘레는 약 1.8km, 높이 5m, 총면적 196,381m²(6만여 평)의 거대한 성으로 동,남,서의 세 문루가 있다. 최근 복원 및 정화사업을 벌여 옛 모습을 되찾아 사적공원으로 조성되었으며, 조선말 천주교도들의 순교 성지로도 유명하다. 천주교 박해 당시 관아가 있던 해미읍성으로 충청도 각 지역에서 수많은 신자가 잡혀와 고문받고 죽음을 당했으며, 특히 1866년 박해때에는 1천여 명이 이 곳에서 처형됐다고 한다.\n성내 광장에는 대원군 집정 당시 체포된 천주교도들이 갇혀 있던 감옥터와 나뭇가지에 매달려 모진 고문을 당했던 노거수 회화나무가 서 있다. 바로 성문밖 도로변에는 회화나무에 매달려 고문을 받으면서도 굴하지 않은 신도들을 돌 위에 태질해 살해했던 자리개돌이 있어 천주교도들의 순례지가 되고 있다. 성벽 주위에는 탱자나무를 심어 적병을 막는데 이용하였다고 하나, 지금은 거의 찾아볼 수가 없다.\n* 호야나무(회화나무)\n감옥 입구에 서 있는 300년 된 나무로, 이 나무의 가지에 신자들이 머리채를 묶어 매달아 고문하였었고, 그 흔적으로 철사줄이 박혀있다.',7,'https://i7d110.p.ssafy.io/api/image/download/tripplace86.jpg'),(174,'공주한옥마을','충청남도 공주시 관광단지길 12 (웅진동)',36.46456663,127.1087252,'지붕 없는 박물관\'이라 불릴 만큼 다양한 유적지를 지닌 백제고도 공주, 공주송산리고분군(무령왕릉)과 공주국립박물관 사이에 공주한옥마을이 있다. 이곳은 전통 양식과 현대의 시스템을 결합한 신식 한옥이 모인 마을로, 한옥 특유의 쉼을 즐길 수 있는 구들방과 정자, 그리고 백제 역사를 배울 수 있는 다양한 체험 프로그램을 갖추고 있다. 기와 한옥과 초가가 조화를 이루고 있는 공주한옥마을은 2010년에 문을 연 곳으로 33057㎡(10,000여 평)의 대지에 조성된 한옥마을 숙박촌이다.\n이곳의 한옥은 대부분 전통 요소 와 현대 시설을 적절하게 조합해 생활하는 데 불편함이 없도록 했다. 단체 숙박동 6동 22객실과 개별숙박동 16동으로 나뉘어 있는데, 개별숙박동은 작은 마당과 담장, 울타리가 있는 독립된 독채로 이루어져 있으며, 동마다 갖추고 있는 객실 수와 시설이 조금씩 다르다. 단체 숙박동에는 객실마다 라커룸과 샤워장이 별도로 갖춰 있어서 수학여행이나 단체 워크숍으로 사용하기 좋고, 개별 숙박동은 가족 단위나 소규모 모임에서 사용하기 좋다. 개별 숙박동에는 편의 공간을 공동으로 사용하는 실속형 객실 2개와 일반형 3개동, 초가형 3동, 고급형 4동, 전통형 3동, 양반형 3동이 있다.\n이곳 한옥에서 가장 눈에 띄는 시설은 카드키 시스템인데, 고급 호텔에서처럼 문을 닫으면 자동으로 잠기는 방식이다.\n여러 숙박동이 모여 있고, 숙박하는 손님 외에 구경만 하고 가는 방문객도 많기 때문에 안전과 도난에 신경을 쓴 것이다. 참나무 장작으로 불을 지피는 전통 구들장을 고수하고 있어서 한옥의 옛 정취를 제대로 느낄 수 있는 동시에 현대식 관리 시스템을 적용해 이용객이 더 안락하게 한옥을 즐길 수 있도록 배려했다. 다시 말해, 신식 한옥 리조트인 셈이다.\n공주한옥마을에는 다양한 체험 프로그램이 있는데, 그중 \'백제의상 체험\' \'백제차 이야기\' \'공주 알밤 다식 만들기\'가 인기가 많다. \'백제 차 이야기\'는 백제 왕실의 차 이야기를 들으며 하는 다도 체험인데, 누구나 쉽게 배울 수 있다. \'공주 알밤 다식 만들기\'는 밤 가루에 미숫가루를 섞어 꿀과 버무려 만드는 밤 다식 만들기 체험으로, 건강한 재료로 만든 전통 다식을 맛볼 수 있다.\n아이들의 교육에도 좋고, 흥미롭게 진행하기 때문에 온 가족이 함께 참여하는 경우가 많다고 한다. 이밖에도 \'백제 책 엮기 체험\', \'백제 유물 소품 만들기\' 등의 프로그램을 진행한다. 또한 공예공방촌이 있어 한지, 도자기, 가죽 공예 등을 체험할 수 있다. 이처럼 전통 구들장 문화가 살아 숨쉬는 편안한 한옥에서 묵으며 다양한 경험을 할 수 있는 공주한옥마을에서 백제 역사를 엿보는 의미 있는 시간을 가져 보기를 추천한다.',7,'https://i7d110.p.ssafy.io/api/image/download/tripplace87.jpg'),(175,'낙화암','충청남도 부여군 부여읍 성왕로 247-9',36.29236009,126.9122618,'부소산 북쪽 백마강을 내려다보듯 우뚝 서 있는 바위 절벽이 낙화암이다. 낙화암은 사비성이 나당연합군에게 유린될 때, 수많은 백제 여인들이 꽃잎처럼 백마강에 몸을 던졌다는 전설이 깃든 곳이다. 이 전설로 낙화암이라는 꽃답고 애절한 이름을 얻었지만, [삼국유사]에는 타사암(墮死岩-사람이 떨어져 죽은 바위)이라고 기록되어 있다. 백제 성왕이 국가 중흥의 원대한 꿈을 펼치려 사비로 도읍을 옮긴 후 관산성 전투에서 전사하는 비운을 맞기도 하였으나, 위덕왕ㆍ무왕ㆍ의자왕에 이르는 동안 최강의 국력을 자랑하게 되었다. 이에 신라는 단독으로 백제에 대항하기가 어려워 당나라와 연합하여 백제와 대결하기에 이르렀다. 이때 백제는 국운을 다했던지 의자왕도 정사를 소홀히 하고, 나라가 흔들리게 되었다. 결국 의자왕 20년(660) 사비성은 신라ㆍ당나라 연합군에게 함락되고, 성내에 살던 궁녀와 도성에 남은 여인들은 부소산성으로 피신하였다. 그러나 침략군이 부소산성까지 몰려들자, 백제 여인들은 적군에게 잡혀가 치욕스러운 삶을 사느니보다 차라리 푸른 강물에 몸을 던져 무너지는 국운과 함께 목숨을 깨끗이 버리는 길을 택했다. 바위 절벽에 새겨진 \'낙화암(落花岩)\'이라는 글씨는 조선시대 학자인 우암 송시열 선생이 쓴 글씨이다.\n부소산 서쪽 낭떠러지 바위를 가리켜 낙화암이라 부른다.\n낙화암은 백제 의자왕(재위 641∼660) 때 신라와 당나라 연합군이 일시에 수륙양면으로 쳐들어와 왕성(王城)에 육박하자, 궁녀들이 굴욕을 면하지 못할 것을 알고 이곳에 와서, 치마를 뒤집어쓰고 깊은 물에 몸을 던져 죽은 장소로 『삼국유사』에 기록되어 있다.\n훗날 그 모습을 꽃이 떨어지는 것에 비유하여 낙화암이라 부르게 되었으며, 절벽에 조선시대 학자인 우암 송시열 선생이 쓴 낙화암(落花岩) 글씨가 선명하게 보인다. 낙화암의 기암절벽은 백마강에서 배를 타고 돌아갈 때 더 잘 보인다.',7,'https://i7d110.p.ssafy.io/api/image/download/tripplace88.jpg'),(176,'청남대','충청북도 청주시 상당구 문의면 청남대길 646',36.46282805,127.4917652,'대청호반에 자리 잡고 있는 청남대는 \'따뜻한 남쪽의 청와대\'라는 뜻으로 1983년부터 대한민국 대통령의 공식 별장으로 이용되던 곳이다. 총면적은 182만 5천ｍ²로, 주요시설로는 본관을 중심으로 골프장, 그늘집, 헬기장, 양어장, 오각정, 초가정 등이 있고 여섯분의 대통령이 89회 472일 이용 또는 방문하였으며, 2003년 4월 18일 일반인에게 개방되었다. 사계(四季)에 따라 제 모습을 바꾸는 조경수 124종 11만 6천여 그루와 야생화 143종 35만여 본은 청남대의 또 다른 자랑거리 중 하나이다. 자연생태계도 잘 보존되어 천연기념물 수달, 날다람쥐와 멧돼지, 고라니, 삵, 너구리, 꿩 등이 서식하고 있으며 각종 철새의 도래지이기도 하다. 청남대에 비경을 한 눈에 담을 수 있는 \'행복의 645계단\', 신선놀음하듯 푸른 대청호와 청남대를 굽어볼 수 있는 전망대가 있다. 시간이 여유롭다면 \'청남대 대통령길 완주 스탬프 릴레이\'와 함께 자연 속 풍요로운 하루를 만끽할 수 있다.',8,'https://i7d110.p.ssafy.io/api/image/download/tripplace89.jpg'),(177,'구인사','충청북도 단양군 영춘면 구인사길 73',37.03345221,128.4811733,'구인사는 대한불교 천태종의 총본산 사찰로서, 전국에 140개나 되는 절을 관장하고 있다. 1945년에 건립되었으며, 1966년 현대식 콘크리트조(造)로 지은 이색적인 건물이다.소백산 국망봉을 중심으로 장엄하게 늘어선 봉우리 가운데 하나인 연화봉 아래에 자리잡고 있으며, 상월원각 스님이 1945년에 이곳에 손수 칡덩굴을 얽어 삼간초암을 짓고 정진 끝에 대도를 성취하여 구인사를 창건하게 되었다.구인사는 현대식 건물의 대가람 (총건축면적 15.014㎡)으로 절 안에는 5층 대법당을 비롯하여 삼보당, 설선당, 총무원, 인광당, 장문실, 향적당, 도향당 등 50여 동의 건물들이 경내를 꽉 메우고 있으며 만여 명이 취사할 수 있는 현대식 시설도 갖추어져 있다. 구인사를 방문할 때 두 가지 볼거리를 빼놓으면 안 되는데, 이는 바로 국내 최대 규모의 대법당과 법어비이다. 대법당은1980년 4월 29일 준공된 5층 건물로 국내 최대 규모의 법당이다. 5층의 대법당은 상월원각 대조사가 삼간초암을 얽어 처음 구인사를 창건하고 수행하 시던 그 자리에 세워져 있다. 이는 남대충 대종사께서 대조사님의 생전 유지를 받들어 전통양식과 현대적 공법으로 5천여 명을 수용할 수 있는 초대형 대법당을 지은 것이다. 상월원각 대조사 법어비는 상월원각 대조사님께서 일생동안 종도들에게 가르쳐 오신 모든 법문을 총집약시켜 간략하고 명료하게 요약하여 설법하신 법어를 새겨놓은 비석이다. 이 법어 안에는 부처님 팔만대장경의 모든 진리가 다 포함되어 있으며 넓고 미묘한 불법의 이치를 담고 있다.',8,'https://upload.wikimedia.org/wikipedia/commons/thumb/1/14/Danyanggun_Travel_Day2_13_%2832239464321%29.jpg/1280px-Danyanggun_Travel_Day2_13_%2832239464321%29.jpg'),(178,'단양 만천하스카이워크','충청북도 단양군 적성면 옷바위길 10',36.98041711,128.3395718,'단양군 적성면에 위치한 만천하스카이워크에서는 남한강 절벽 위에서 80~90m 수면아래를 내려보며 하늘길을 걷는 스릴을 맛볼 수 있다. 전망대로 가는 나선형 구간에서는 다각도로 풍광을 감상할 수 있고, 전망대에 보이는 산등성이 너머 드넓게 흐르는 남한강 경치에 감탄사가 절로 나온다. 전망대에 올라서면 시내 전경과 멀리 소백산 연화봉을 볼 수 있다. 말굽형의 만학천봉 전망대에 쓰리핑거(세 손가락)형태의 길이 15m, 폭 2m의 고강도 삼중 유리를 통해 발밑에 흐르는 남한강을 내려다보며 절벽 끝에서 걷는 짜릿함을 경험해볼 수 있다. 전망대 옆으로 980m 길이의 짚와이어, 1,000m 거리의 알파인코스터, 슬라이드 등 체험 시설도 다양하다. 단양강 잔도와 만천하스카이워크를 두루 섭렵할 계획이라면 두 곳의 진입로가 연결된 3번 또는 6번 주차장을 이용하면 더욱 편리하다.',8,'https://i7d110.p.ssafy.io/api/image/download/tripplace90.jpg'),(179,'단양 고수동굴','충청북도 단양군 단양읍 고수동굴길 8',36.98881394,128.3816774,'* 자연과 세월이 빚어낸 최고의 예술품, 고수동굴 *\n충북 단양군 단양읍 고수동굴길 8에 자리한 단양 고수동굴(천연기념물)은 신비롭고도 아름다운 천연 동굴 중 하나다. 길이 1,700m의 동굴 내부에는 종유석, 석순, 동굴산호, 동굴진주, 천연교는 물론 희귀 종유석인 아라고나이트 등 볼거리도 다양하다. 석회암 동굴에서 생성되는 거의 모든 것을 볼 수 있다고 해도 과언이 아니다. 고수동굴의 백미는 사자바위, 도담삼봉바위, 마리아상, 사랑바위 등 자연과 세월이 빚어낸 경이로운 풍경이다. 특히 관람이 제한되었던 B코스가 2013년 4월부터 일반에게 개방되어 볼거리를 더한다. 태고의 자연과 선사시대 생활상을 함께 엿볼 수 있어 아이들에게도 좋은 교육 장소이다.',8,'http://www.gosucave.co.kr/module/board/download.php?mode=img_view&boardid=photo&b_idx=26&idx=23'),(180,'청주고인쇄박물관','충청북도 청주시 직지대로 (713, 청주고인쇄박물관)',36.64404398,127.4714361,'청주시는 유네스코와 함께 「직지」의 유네스코세계기록유산 등재를 기념하고 세계기록유산 보존과 활용에 크게 공헌한 개인과 단체에 유네스코 직지상을 수여함으로써 금속활자 발상지인 청주, 더 나아가 대한민국의 위대한 문화유산을 알리는데 힘쓰고 있다. 근현대인쇄전시관은 19세기 말 서양의 납활자 인쇄기술 도입을 시작으로, 한국 근대인쇄술의 발전사와 현재 그리고 미래 인쇄기술의 발전 방향을 소개하고 있다. 한국의 근대인쇄문화가 어떻게 발달하여 오늘에 이르렀는지를 배우고, 미래는 어떤 모습으로 발전해 갈 것인지를 가늠해 볼 수 있다. 어린이와 가족, 어른들을 위한 인쇄 체험교실이 마련되어 있어 근대와 현대의 인쇄문화를 이해하는데 도움이 될 것으로 기대된다.',8,'http://www.cheongju.go.kr/DATA/bbs/1110/migImage/20151208/1449551761612.jpg'),(181,'보은 법주사','충청북도 보은군 속리산면 법주사로 405',36.54172082,127.8329598,'* 신라시대 문화를 현대에 만나다, 법주사 *\n속리산에 있는 법주사는 1400년전 신라에 불교가 들어온 지 24년째인 진흥왕 14년(서기 553년)에 의신조사가 창건됐다. 이후 776년 진표 및 영심 스님 대에 중창을 하였으며, 주선조 중기에 이르러서는 60여 동의 건물과 70여 개의 암자를 거느린 대찰로서 위용을 떨치게 되었다. 하지만 임진왜란으로 인해 사찰의 거의 모든 건물이 전소되었지만 1624년 인조 2년에 이르러 벽암 스님에 의해 또다시 중창을 하게 되었다. 경내에는 우리나라 3대 불상전 가운데 하나인 대웅보전(大雄寶殿)을 중심으로 용화전, 원통보전, 명부전, 능인전, 조사각, 진영각, 삼성각 등 8개의 전각과 일주문, 금강문, 사천왕문, 종고루, 부도전 등 5개의 부속건축물, 그리고 선원, 강원, 염불원 등 3개의 원과 또한 염화당, 용화당, 미룡당, 응주전, 사리각, 종무소를 포함한 10여 채의 요사채들이 남아 있어 도합 30여동의 건물이 조성되어 있다고 말할 수 있다.\n* 주요문화재의 보물창고, 법주사의 주요 문화재 *\n팔상전(국보)은 5층 목탑으로서 우리나라 목탑 연구에 중요한 자료가 된다. 이 팔상전은 신라 진흥왕 때에 의신이 세웠고, 776년 병진이 중창하였고, 1597년 정유재란 때 소실된 것을 1605년에 재건하여 오늘에 이르고 있다. 팔상전은 1984년에 쌍봉사의 대웅전으로 쓰이고 있던 3층 목조탑이 소실됨으로써 한국 목조탑의 유일한 실례가 된 중요한 건축물로 전체 높이가 상륜까지 22.7m 이며 현존하는 한국의 탑파중 제일 높은 것이다. 석연지(국보)는 8각의 지대석 위에 3단의 굄과 한층의 복련대를 더하고 그 위에 구름무늬로 장석을 놓아 거대한 석련지를 떠받쳐 마치 연꽃이 구름 위에 둥둥 뜬 듯한 모습을 조식한 걸작품으로 8세기경에 제작된 통일신라시대의 작품으로 보고 있다.\n괘불(보물)은 법주사 대웅보전 내에 소장되어 있는 대형불화로 1966년에 화성하였는데, 이 불화는 천장보살 즉 노사나 불화로 적, 록, 황, 청색의 색채가 곱고 보존상태가 양호하다.사천왕 석등(보물)은 신라의 전형적인 팔각석등의 대표적인 양식으로 조각수법으로 보아 혜공왕(765-780재위)대에 진표율사가 법주사를 중창하던 때의 작품으로 추정하고 있다. 쌍사자 석등(국보)은 신라 석등 중 뛰어난 작품중의 하나로 그 조성년대는 성덕왕 19년(720)으로 추정되고 있다. 석등의 간주석을 석사자로 대치한 이 석등은 전형양식에서 벗어난 것으로 8각의 지대석 위에 하대 연화석과 쌍사자 연화대 방석을 모두 하나의 돌에 조각한 것으로 다른 석등에 비해 화사석과 옥개석이 큰 것이 특징이다.',8,'https://upload.wikimedia.org/wikipedia/commons/thumb/f/f8/Beopjusa-Temple_Stay-Korea_Ssangsajaseokdeung.jpg/1280px-Beopjusa-Temple_Stay-Korea_Ssangsajaseokdeung.jpg'),(182,'대청호','충청북도 청주시 상당구 문의면 대호반로 206',36.47898165,127.4850549,'대전광역시와 충청북도 청주시·옥천군·보은군에 걸쳐 있는 인공호수. 1975년에 착공하여 1980년에 공사가 완료되었다. 대전, 청주지역의 식수는 물론, 생활용수 및 공업용수를 공급하는 생명의 젖줄이다. 저수면적 72.8㎢, 호수길이80km, 저수량 15억t으로, 한국에서 3번째 규모의 호수이다. 호수 위로 해발고도 200∼300m의 야산과 수목이 펼쳐져 드라이브 코스로 잘 알려져 있다. 철새와 텃새가 많이 날아들어 여름에는 상류에서 백로를 쉽게 볼 수 있다.\n전망대에 오르면 주변 경관이 한눈에 내려다보이며, 1998년에 개관한 물홍보관은 입체 영상관과 수족관 등을 갖추고 있다. 주위에 잔디광장이 있다. 주변에 금강유원지·장계관광지·문의문화재단지 등이 있어 연계 관광이 가능하다. 찾아가려면 경부고속도로를 타고 가다가 신탄진 인터체인지로 나와 신탄진 4거리에서 대청댐 방면으로 가면 된다. 호수를 한 바퀴 돌아보려면 승용차로 3시간 정도 걸린다.',8,'https://www.donggu.go.kr/dg/attach/image/678035b26f79caf342eff0132334550d/2df566a48f6a223d1ecc0c11207005a2'),(183,'미동산수목원','충청북도 청주시 상당구 미원면 수목원길 51',36.62636509,127.6656762,'미동산수목원은 충청북도 청주시에 있는 도립 수목원으로 선진 임업기술의 연구개발 및 보급, 생태교육 환경조성 등의 목적으로 2001년 5월 4일 개원하였으며 총면적은 94만 2000평이다. 다양한 유전자원을 수집 보전하여 식물유전자의 가치를 지속시키고 연구, 관리 전시함으로써 식물과 관련된 지식을 널리 알리고 건전한 산림환경 문화를 선도해 나가는 시설이다. 94만 1천평의 부지에 1996년부터 6년간 국고지원사업으로 60억 원을 투자 조성하여 우리지역의 정이품송 후계목 등 우수한 유전자원을 비롯하여 참나무원, 단풍나무원 등 11개원의 전문 수목원에 873종 652천 본의 식물이 식재되어 있다.\n미동산수목원은 전문수목원·산림교육관·식물종자은행·수목산야초연구센터·자연체험캠프 등으로 이루어져 있다. 수목원의 중심을 이루는 전문수목원은 온실·기념식수원·단풍나무원·유전자보존원·침엽수원·야생초화류원·무궁화원·애완곤충생태원 등 11개 원으로 구성되어 있다. 야생초화류원에는 수생·고산식물 등 100여 종 8만 본이 식재되어 있고, 별도의 육묘장에서는 130종 16만 본의 육묘가 자란다. 무궁화원은 무궁화통일동산으로 불리는데, 총 2만 650본의 무궁화가 식재되어 있고, 야외학습장·관찰로 등 교육시설과 편의시설이 갖추어져 있다. 애완곤충생태원에서는 나비류·딱정벌레류 등의 곤충과 기주식물(寄主植物)·흡밀식물(吸蜜植物) 등을 볼 수 있다.\n열린 학습의 장을 제공하고, 전통 산림문화를 수집·보존하기위해 설립된 산림교육관에는 9목 79과 328종의 곤충과 16목 36과 65종 96점의 조수 표본이 전시되어 있다. 식물종자은행에는 충청북도 내 희귀종·천연기념수 등 향토 수종 100종과 야생초화류 100종의 유전자가 전시되어 있다. 수목산야초연구센터에서는 번식 및 이용가치 분석, 다목적 자생식물원 조성 등의 연구 사업을 진행한다. 자연체험캠프는 삼림욕과 산악자전거 등을 즐길 수 있는 숲길로, 환경보호와 건강 증진을 목적으로 조성되었다.',8,'https://www.chungbuk.go.kr/site/forest/img/content/sub02/nature_10.jpg'),(184,'청풍문화재단지','충청북도 제천시 청풍면 청풍호로 2048',37.00474342,128.170787,'청풍은 자연경관이 수려하고 문물이 번성했던 곳으로 많은 문화 유적을 갖고 있었으나 충주댐 건설로 청풍면 후산리, 황석리, 수산면 지곡리에 있던 마을이 문화재와 함께 수몰될 위기에 있었다. 충청북도청에서는 1983년부터 3년간 수몰 지역의 문화재를 원형대로 현재 위치에 이전, 복원해 단지를 조성했다. 단지에는 향교, 관아, 민가, 석물군 등 43점의 문화재를 옮겨 놓았는데 민가 4채 안에는 생활 유품 1,600여 점이 전시되어 있다. 고려 때 관아의 연회 장소로 건축된 청풍 한벽루(보물)와 청풍 석조여래입상(보물) 등 보물 2점과 청풍부를 드나들던 관문인 팔영루(충북유형문화재), 조선시대 청풍부 아문인 금남루(충북유형문화재), 응청각(충북유형문화재), 청풍향교(충북유형문화재) 등 건축물 및 옛 도호부 시대의 부사나 군수의 송덕비, 선정비, 열녀문, 공덕비 등이 세워져 있다. 한벽루에서 충주호가 한눈에 보이며 주변에 비봉산, 구담봉, 옥순봉, 능강구곡, 금수산, 단양팔경, 월악산국립공원, 수안보온천 등의 관광지가 있다.',8,'https://upload.wikimedia.org/wikipedia/commons/thumb/0/0e/Cheongpung_2.jpg/1280px-Cheongpung_2.jpg'),(185,'진천 농다리','충청북도 진천군 문백면 구곡리',36.82620595,127.4932065,'사력 암질의 붉은 돌을 쌓아서 만들어진 다리로, 우리나라에서 가장 오래되고 긴 돌다리이다. 다리는 사력암질의 자석을 쌓아 놓은 다리로서, 28칸의 교각이다. 지방유형문화재로서 길이는 93.6m, 폭 3.6m, 교각 1.2m 정도이며, 교각 사이의 내폭은 80cm 내외이다.석회등을 바르지 않고 그대로 쌓았는데도 견고하며 장마가 져도 유실됨이 없이 원형을 유지하고 있다. 이 다리는 고려 초엽시대의 권신, 임장군이 놓았다는 돌다리로 규모도 크고 축조술도 특이하다. 정자, 산책로, 초평저수지까지 연결된 수변데크 등이 조성되어 새로운 관광명소로 자리잡았으며, 신비로운 다리모양과 주변풍경이 잘 어우러져 드라마 촬영지로도 등장한다.',8,'https://i7d110.p.ssafy.io/api/image/download/tripplace91.jpg'),(186,'청풍호반케이블카','충청북도 제천시 청풍면 문화재길 166 (청풍면)',37.0013634,128.1665589,'수도권역에서 1시간 30분, 전국 3시간대 거리에 위치한 내륙의 바다, 천혜의 환경과 치유와 회복을 지향하는 청풍명월 본향인 이곳 충북 제천 청풍에서 봉황의 날개를 타고 날아올라 청풍명월의 비경을 누비는 아름다운 여정을 시작한다. 청풍호반 케이블카는 청풍면 물태리에서 비봉산 정상까지 2.3km 구간을 왕복 운행하는 케이블카 시설로 오스트리아에 본사를 둔 도펠마이어社의 최신 기종인 D-Line 모델이다. 10인승 캐빈 43대가 운행되며 그 중 10개의 캐빈은 바닥이 투명한 크리스탈 캐빈으로 구성되어 발아래의 아찔함을 느낄 수 있다. 평균 5m/s의 운행 속도로 2.3km의 거리를 약 10분 만에 비봉산 꼭대기에 도달하며, 케이블카 수송능력은 시간당 최대 1,500명, 일일 최대 15,000명까지 수송이 가능하다. 케이블카 상부 정차장인 비봉산은 봉황새가 알을 품고 있다가 먹이를 구하려고 비상하는 모습과 닮았다고 하여 붙여진 이름으로 청풍호 중앙에 위치한 해발 531m의 명산으로 정상에서 바라보는 풍경은 흡사 다도해를 보는 듯한 빼어난 풍광을 가지고 있으며, 국내 최초로 정상까지 케이블카가 운행되어 어린이나 노약자분들도 편안하게 케이블카를 타고 청풍호의 비경을 즐길 수 있다.',8,'https://www.cheongpungcablecar.com/upload/userfiles/2019/07/190710141006.JPG'),(187,'도담삼봉','충청북도 단양군 매포읍 삼봉로 644 (매포읍)',37.00009961,128.343971,'* 강에 솟아있는 세 가지의 봉우리, 도담삼봉 *\n남한강의 맑고 푸른 물이 유유히 흐르는 강 한가운데 위치한 도담삼봉. 늠름한 장군봉(남편봉)을 중심으로 왼쪽에는 교태를 머금은 첩봉(딸봉)과 오른쪽은 얌전하게 돌아앉은 처봉(아들봉) 등 세 봉우리가 물 위에 솟아 있다. 이곳은 조선 개국공신 정도전이 자신의 호를 삼봉이라 할 만큼 젊은 시절을 이곳에서 청유하였다 한다. 전하는 바에 의하면 아들을 얻기 위해 첩을 둔 남편을 미워하여 돌아앉은 본처의 모습을 하고 있는데 살펴볼수록 그 생김새와 이름이 잘 어울려 선조들의 지혜와 상상력이 감탄스럽다. 그리고 장군봉에는 \'삼도정\'이라는 육각정자가 있는데, 일찍이 퇴계 선생은 \"산은 단풍잎 붉고 물은 옥같이 맑은데 석양의 도담석양엔 저녘놀 드리웠네 신선의 뗏목을 취벽에 기대고 잘적에 별빛달빛 아래 금빛파도 너울지더라\"는 주옥같은 시 한 수를 남겼다. 도담삼봉 주변에는 1998년 음악분수대가 설치되어, 도담삼봉과 석문을 찾는 관광객이 피로를 풀 수 있는 공간이 조성되어 있고 특히 야간에 분수대에서 춤을 추는 듯한 물줄기는 한층 더 아름다움을 자아낸다.\n* 삼봉에 관한 재미있는 이야기 *\n삼봉은 원래 강원도 정선군의 삼봉산이 홍수 때 떠내려와 지금의 도담삼봉이 되었으며 그 이후 매년 단양에서는 정선군에 세금을 내고 있었다고 한다. 이를 어린 소년 정도전이 \"우리가 삼봉을 떠내려 오라한 것도 아니요. 오히려 물길을 막아 피해를 보고 있어 아무 소용이 없는 봉우리에 세금을 낼 이유가 없으니 필요하면 도로 가져가라\"고 한 뒤부터 세금을 내지 않게 되었다고 전해진다.',8,'https://cdn.pixabay.com/photo/2021/01/12/10/41/dodam-sambong-5911066_960_720.jpg'),(188,'세조길','충청북도 보은군 속리산면 법주사로 405',36.53512004,127.8277887,'조선 7대 임금 세조가 요양 차 복천암으로 온 역사적 사실에 착안하여 \'세조길\' 이라 부르며, 법주사 매표소부터 세심정 갈림길까지 이어진다. 법주사에서 세심정까지는 총 2.35km 이며, 법주사에서 태평휴게소까지 1.25 km, 태평휴게소에서 세심정까지 1.1km 의 거리다.',8,'https://cdn.visitkorea.or.kr/img/call?cmd=VIEW&id=7d0bbb04-b1ac-47d0-9bbe-62e5702d3095'),(189,'수주팔봉','충청북도 충주시 살미면',36.89825409,127.9242749,'수주팔봉은 높이가 493m로 충북 충주시 살미면 향산리에 위치하고 있으며 야트막하지만 날카로운 바위로 이루어져 있어 그 위세가 당당하다. 수주팔봉은 문주리 팔봉마을에서 달천 건너 동쪽의 산을 바라볼 때, 정상에서 강기슭까지 달천 위에 여덟 개의 봉우리가 떠오른 것 같다 하여 붙여진 이름이다. 산 위에서 바라보면 마치 한 폭의 동양화를 펼쳐 놓은 듯 절경을 이루고, 송곳바위·중바위·칼바위 등 창검처럼 세워진 날카로운 바위들이 수직 절벽을 이루어 멋진 볼거리를 제공해 준다. 수부팔봉 일대는 옥천계 문주리층(담녹색녹이석편암)이 분포하는 곳에 풍화에 강한 암맥이 뚫고 들어간 곳이다. 수안보면에서 서쪽으로 흐르는 오가천이 달천과 합하여지는 과정에서 심하게 곡류하면서 북동-남서 방향으로 길게 늘어진 산줄기가 남은 것이다. 이후 다른 방향 구조선들에 의해 산줄기가 잘게 나누어지면서 여러 개의 봉우리로 분리됨으로써 달천의 맑은 물과 깎은 듯한 절벽을 안고 서 있는 기암 계곡이 형성되었다.',8,'https://cdn.visitkorea.or.kr/img/call?cmd=VIEW&id=3111d386-fc84-4f9d-a279-f21476054ff4'),(190,'산막이옛길','충청북도 괴산군 칠성면 산막이옛길 88',36.7609939,127.8387631,'고향마을 산모롱이길 산막이옛길은 충북 괴산군 칠성면 외사리 사오랑 마을에서 산골마을인 산막이 마을까지 연결됐던 총 길이 10리의 옛길로서 흔적처럼 남아있는 옛길에 덧그림을 그리듯 그대로 복원된 산책로이다. 옛길을 따라 펼쳐지는 산과 물, 숲이 어우러지는 아름다움은 괴산의 백미로 꼽을 수 있는 곳이다. 댐 주변의 훼손되지 않은 자연생태계를 고스란히 간직하고 있어 더욱 값진 곳이며 친환경 공법으로 괴산댐을 끼고 조성된 산막이 옛길은 괴산댐 호수와 어우러지며 한국의 자연미를 흐트러짐 없이 그대로 보여주고 있다. 수풀냄새 싱그러운 산바람과 산들거리며 불어오는 강바람이 만나는 길을 걸어보면 자연 그대로를 느낄 수 있다.',8,'https://www.goesan.go.kr/site/tour/images/contents/sc131_img.jpg'),(191,'속리산테마파크모노레일','충청북도 보은군 속리산면 속리산로 600',36.49948333,127.8014658,'속리산 풍경을 즐기며 할 수 있는 레포츠 중 하나이다. 솔항공원 주차장 이용이 가능하고, 스카이바이크, 집라인, 스카이트레이 등과 함께 즐길 수 있다. 하부 승차장에서 전망카페까지 총 왕복 866m를 운행하며, 전망대에는 베이커리와 음료 등을 판매하는 카페도 있다. 당일 현장 접수만 하고 있으며, 1대당 수송 인원이 20명 정도로 적은 편이라 대기가 발생할 수 있다. 선착순 접수를 하니 미리 접수부터 하고 주변을 둘러보는 것이 좋다. 탑승 후 전망대에 도착해서도 먼저 하행 시간을 선착순 접수해놓는 것이 편리하다. 남는 대기 시간에는 주변의 도깨비공원이나 속리산 자생 식물원을 구경할 수 있다.',8,'https://image.foresttrip.go.kr/bb/202107/d4d7d575-1790-4d21-8158-451d6c0f2332.jpg'),(192,'보은 속리 정이품송','충청북도 보은군 속리산면 상판리',36.51741024,127.8155847,'* 벼슬을 가지고 있는 나무, 정이품송 *\n충북 보은군 내속리면 상판리 17의 3번지에 서있는 수령 600년 이상으로 추정되는 소나무로 1962년 12월 7일 천연기념물로 지정된 문화재이다. 높이는 15m, 가슴둘레 4.5m, 가지의 길이는 동쪽 10.3m, 서쪽9.6m, 북쪽 10m에 이른다. 속리산으로 들어가는 길 가운데 위치하여 동쪽으로 도로가 있고 서쪽엔 천황봉에서 발원한 한강 상류의 한 지류인 속리천이 흐르고 있다. 1982년부터 10여년 동안 높이 18m에 이르는 8각주형의 대규모 방충망을 설치해 이 지역에 피해를 준 솔잎혹파리로부터 보호하기도 했으며, 현재에는 밑부분에 외과 수술의 흔적이 남아 있다. 하지만 아직도 수세는 싱싱하고 나무 모습은 마치 우산을 펼쳐 놓은 듯 단아하며, 또한 벼슬품계인 정2품을 받은 나무로 속리산의 상징으로 널리 알려졌다.\n* 정이품송의 전설 및 설화 *\n1464년에 신병에 고통받던 세조가 온양온천과 속리산을 찾아 치료를 할 때 이 나무 아래 이르러 타고 가던 연(輦)이 나뭇가지에 걸릴 것을 염려하여 \'연 걸린다\'라고 말하자 신기하게도 늘어졌던 나뭇가지가 스스로 하늘을 향하여 무사히 통과하도록 하였다고 한다. 또 서울로 돌아갈 때는 마침 쏟아지는 소나기를 이 나무 아래서 피할 수 있어 신기하고 기특하여 세조는 이 소나무에 정2품(지금의 장관급) 벼슬을 내렸다고 한다.',8,'https://upload.wikimedia.org/wikipedia/commons/thumb/6/6c/Jeongipumsong_Pine%2C_holding_the_post_of_government_minister_since_1464._-_panoramio.jpg/785px-Jeongipumsong_Pine%2C_holding_the_post_of_government_minister_since_1464._-_panoramio.jpg'),(193,'수암골 벽화마을','충청북도 청주시 상당구 청주시 상당구 수동 81-11',36.64718268,127.4940978,'* 청주 감성여행 1번지, 수암골 벽화마을 *\n충북 청주시 상당구 수암로 일대에 자리한 수암골은 청주를 찾는 여행자들이 꼭 들르는 최고의 명소가 됐다. 한국전쟁 후 피난민들이 정착하면서 형성된 달동네로 한때 초라하고 적막한 모습이었으나 2007년에 진행된 공공미술 프로젝트와 함께 달라지기 시작했다. 곳곳에 앙증맞고 화사한 벽화가 그려지면서 동네는 활기를 되찾았다. 이후 <카인과 아벨>, <제빵왕 김탁구> 등 드라마 촬영지로 알려지면서 수암골을 찾아드는 여행자들이 점점 늘었다. 우암산 자락에 위치해 청주 시내를 한눈에 내다볼 수 있다는 점도 매력적이다. 저녁노을이 질 무렵 내려다보는 풍광이 아름답다. 드라마 세트장을 활용한 음식점과 전망 좋은 카페도 여럿 있다.',8,'https://www.cheongju.go.kr/DATA/clturCntnts2019/20210902101140242.jpg'),(194,'강선대','충청북도 영동군 양산면 봉곡리 756-1',36.13103381,127.6829796,'강선대는 충북 영동군 양산면 금강 상류에 자리 잡은 6각형 지붕의 정자이다. 양산 8경이라 하여 양산에는 경치가 아름다운 8곳이 있는데 강선대는 양산 2경으로 꼽히는 곳으로 신선이 내려와서 놀았다는 전설이 전해질 만큼 경관이 뛰어난 곳에 위치해 있다. 우뚝 솟은 바위 위에 자리 잡고 있어 멀리서 보면 주변 노송들과 어우러져 고상한 멋을 풍긴다. 정자 위에 서면 강물이 절벽에 부딪치는 소리와 풍경을 감상할 수 있다. 강선대는 양기가 강한 바위와 음기를 품은 물을 연결해 주는 역할을 하고 있다고 한다. 정자 내부에는 조선시대 시인인 이안눌과 임제의 시가 걸려 있어 풍류를 더한다.',8,'https://www.yd21.go.kr/_prog/tourist/bbs_download.php?site_dvs_cd=tour&bbs_cd=0507&no=51783236374073dfcfd7d7ec2fe74cfc&file_id=17008'),(195,'제천 의림지와 제림','충청북도 제천시 의림지로 33',37.17410867,128.2080383,'* 삼한시대에 축조된 저수지, 의림지 *\n충청도를 호수의 서쪽이라 하여 호서지방이라고도 부르는데, 여기서 말하는 호수가 바로 의림지를 가리킨다. 그만큼 의림지는 오래되고 유명한 저수지이다. 충청북도 기념물인 의림지는 삼한시대에 축조된 저수지로, 본래 임지라고 했다. 호반 둘레 1.8km, 만수면적 151,470㎡, 저수량 6,611,891㎡, 수심 8~13m의 대수원지로 289.4 정보의 농지를 관개한다. 김제의 벽골제, 밀양의 수산제와 함께 삼한시대 수리 시설 가운데 하나로, 수구를 옹기로 축조하여 당시의 농업기술을 연구하는데 귀중한 자료가 되고 있다. 현재는 제천 지방의 경승지로, 호수 주변에는 순조 7년(1807년)에 세워진 영호정과 1948년에 건립된 경호루, 그리고 수백 년을 자란 소나무와 수양버들, 30m의 자연폭포 등이 어우러져 풍치를 더하고 있다. 특히 특산물로서, 산란하는 해빙기에만 볼 수 있는 공어(일명 빙어)가 있는데, 회어로서 진미를 맛볼 수 있어 관광객들에게 각광을 받고 있으며, 주위에 솥밭공원, 국궁장, 파크랜드 등이 조성되어있어 시민들과 관광객들에게 좋은 휴식처가 되고 있다.',8,'https://upload.wikimedia.org/wikipedia/commons/thumb/4/4c/Jecheon_Travel_05_%2832236723381%29.jpg/1280px-Jecheon_Travel_05_%2832236723381%29.jpg'),(196,'정동진','강원도 강릉시 강동면 정동역길 17 (강동면)',37.68918309,129.0362081,'정동진에서 해수욕할 수 있는 곳은 세 곳이 있는데, 정동진역앞의 바다와 모래시계 공원 앞의 바다, 그리고 정동진 방파제가 있는 바다이다. 넓고 이용하기 쉬운 곳은 정동진역앞의 해변과 모래시계공원 앞의 바다이다. 모래시계 공원이 낮과 밤을 밝혀주며 남으로는 조각(해돋이)공원과 헌화로가 있는 관광명소이다. 특히 정동진역 앞에서는 조개와 홍합, 미역, 성게 등을 따먹을 수 있는 바위가 많아서 사람들이 많이 찾고 있다. 또한 정동진역은 세계에서 바다와 제일 가까이 있는 간이역으로, 동해의 푸른 창파에서 우람하게 솟아오르는 해를 맞는 관광객들이 많다.\n강동면 정동진1리에 있으며 길이 250m, 1만3천㎡의 백사장이 있는 일반 해변이다. 특히 지난 1997년 정동진 해돋이 관광열차의 운행으로 급부상하여 관광객들이 사계절 내 내 붐빈다. 마을 한가운데 솟은 산은 옛날 강원도 고성에서 떠내려 왔다고 하여 이름지어진 고성산은 고성에서 해마다 세금을 받아 갔으나 마을 신동의 지혜로 그때부터는 세금을 내지 않았다 고 한다. 이 산 봉우리에 팔각 정자를 1999년 6월 말에 완공을 하여 영인정(迎仁亭)이라 이름 짓고 관광객들이 해돋이를 잘 볼 수 있도록 했다.',9,'http://tong.visitkorea.or.kr/cms2/website/75/2620375.jpg'),(197,'경포대','강원도 강릉시 경포로 365 (저동)',37.795073,128.89662,'경포대는 관동팔경의 하나로 경포호수 북쪽 언덕에 있는 누각이다. 고려 충숙왕 13년(1326)에 강원도의 한 관리였던 박숙정이 당시 방해정 뒷산 인월사 옛터에 세웠던 것을 조선 중종 3년(1508)에 강릉부사 한급이 지금의 자리에 옮겼고, 여러 차례의 중수 끝에 현재의 모습을 갖추었다. 앞면 5칸·옆면 5칸 규모로 지붕은 옆면이 여덟 팔(八)자 모양인 팔작지붕이다. 모두 48개의 기둥으로 이루어졌으며 마루의 높이를 달리하는 입체적 평면을 하고 있다. 이름인 \'경포대\' 전자체 현판은 유한지의 글씨이고, 해서체 현판은 이익회의 글씨이다.경포대 내부에는 숙종의 직접 지은 \'\'어제시\'\'와 율곡 이이가 10세에 지었다는 \'\'경포대부\'\'를 비롯해, 조하망의 상량문 등 수많은 명사와 시인묵객의 글이 게시돼 있다. 누각 주위에는 소나무와 상수리나무 들이 알맞게 우거져 운치있는 경관을 이루고 있다. 경포대와 주변호수는 1981년 강원 도립공원으로 지정됐고, 바닷가에는 유명한 경포해수욕장(길이 6km)이 있다.',9,'https://upload.wikimedia.org/wikipedia/commons/b/ba/Gyeongpodae_Pavilion_Gangneung.JPG'),(198,'경포 해변','강원도 강릉시 창해로 514 (안현동)',37.803404,128.91021,'동해안 최대 해변으로 유명하며 강문동, 안현동에 있고 시내에서 북으로 6km, 경포대에서 1km되는 곳에 동해의 창파를 가득 담고 펼쳐진 명사오리(明沙五里)이다. 모두를 삼키기라도 하려는 듯 밀려오는 파도, 이를 쓸어 안은 길이 1.8km, 면적 1.44㎢의 하얀 모래밭과, 시끄러운 일상을 조용히 차단하는 울창한 송림병풍의 조화가 해변 특유의 아름다움을 자아낸다. 경포대 해변은 백사장이 1.8km에 평균 수심이 1~2m로 적당한 깊이와 완만한 경사 때문에 해마다 많은 인파가 찾아오는 곳이다. 해변 주변에는 소나무 숲이 우거져 해수욕과 산림욕을 동시에 즐길 수 있어 피서지로 안성맞춤이다. 매년 여름마다 경포 해변 상설무대에서 여름밤 예술제가 열려 문화적인 볼거리도 다양하다. 경포호 주변에서 자전거를 대여하여 즐기는 하이킹 또한 하나의 명물이다. 또한, 주변에 설악산,오대산 국립공원이 있어 산, 바다, 계곡 등을 두루두루 돌아 볼 수 있다.',9,'https://cdn.pixabay.com/photo/2022/03/28/05/11/lighthouse-7096597_960_720.jpg'),(199,'대관령 옛길','강원도 강릉시 성산면 어흘리',37.717246,128.80402,'대관령 옛길은 우리나라 옛길의 가장 대표적인 길이다. 신사임당이 어린 율곡의 손을 잡고 친정어머니를 그리며 걸은 길이고, 율곡의 친구 송강 정철도 이 길을 걸어 관동별곡을 쓰고, 김홍도가 이 길 중턱에서 대관령의 경치에 반해 화구를 펼쳐놓고 그림을 그렸다. 우리나라 최대의 자연휴양림이 있는 길로 가족과 함께 걸으면 아주 좋다.',9,'https://upload.wikimedia.org/wikipedia/commons/thumb/a/ae/%EB%8C%80%EA%B4%80%EB%A0%B9%EC%98%9B%EA%B8%B8_%2842%29.JPG/1280px-%EB%8C%80%EA%B4%80%EB%A0%B9%EC%98%9B%EA%B8%B8_%2842%29.JPG'),(200,'안반데기','강원도 강릉시 왕산면 안반데기길 428',37.608756,128.73999,'안반\'은 떡메로 반죽을 내리칠 때 쓰는 오목하고 넓은 통나무 받침판을, \'데기\'는 평평한 땅을 말한다. 안반데기마을은 해발 1100m 고산지대로 떡메로 떡을 치는 안반처럼 우묵하면서도 널찍한 지형이 있어 안반데기라고 불리게 되었다. 산이 배추밭이고, 배추밭이 곧 산이다. 경사가 가팔라서 기계농이 불가능하므로 농부의 힘으로 고스란히 만들어간 곳이다. 안반데기의 \'멍에전망대\'는 일몰을 보는 곳으로 유명하지만 쏟아지는 별빛을 감상하며 차박을 하기에도 최고의 장소이다',9,'https://cdn.pixabay.com/photo/2016/01/14/03/47/cloud-1139317_960_720.jpg'),(201,'설악산 국립공원','강원도 양양군 서면 설악로 801 남설악탐방지원센터',38.148377,128.39321,'산중미인 설악산. 한반도의 중추인 태백산맥 중에 가장 높은(대청봉 1,708m) 설악산은 남한에서 가장 아름다운 산으로 봄에는 철쭉 등의 온갖 꽃과 여름의 맑고 깨끗한 계곡물, 설악제 기간을 전후한 가을 단풍, 눈 덮인 설경 등 사시사철 어느 때나 찾는 이의 감탄을 불러 일으킨다. 한계령과 미시령을 경계선으로 동해쪽은 외설악, 서쪽은 내설악이라 부르며, 한계령 이남 오색지구를 남설악으로 구분하기도 한다. 남설악 지역은 옛날부터 오색약수와 온천이 유명하고 주전골 일대의 용소폭포, 십이폭포, 여신폭포 등이 대표적인 경관을 이루며 산세가 아름답다. 점봉산(1,424.2m)도 남설악구역에 속한다.남설악 지역에서는 오색-대청 코스, 한계령-끝청-대청 코스 등이 대표적 등산 코스이다. 오색 코스 길목은 그린야드호텔 위편, 국도변의 국립공원 매표소이고 한계령 코스 길목은 한계령휴게소 옆 설악루 계단이다.',9,'https://upload.wikimedia.org/wikipedia/commons/thumb/8/86/Seoraksan_%EC%84%A4%EC%95%85%EC%82%B0_04.jpg/1280px-Seoraksan_%EC%84%A4%EC%95%85%EC%82%B0_04.jpg'),(202,'속초해변','강원도 속초시 해오름로 190 (조양동)',38.190069,128.60405,'1976년 처음 개장한 속초해수욕장은 국내 대표적인 해수욕장 가운데 하나다. 속초 시내와 가깝고 고속버스터미널이 도보 거리에 있어 교통이 편리한 것이 장점이다. 속초해수욕장은 바닷물이 맑고 깨끗한데다 수심이 얕고 경사가 완만해 매년 여름철이면 전국에서 모여든 피서객들로 북적해진다. 특히 성수기인 7~8월에는 너른 해변이 발 디딜 틈도 없이 사람들로 가득 찬다. 해수욕장 주변은 음식점과 편의 시설이 잘 갖춰져 있다. 해변 뒤편에는 소나무숲이 우거져 있으며 작은 공원과 산책로도 조성되어 있다. 휴가철이 지난 후에도 해수욕장에는 관광객들의 발길이 끊이지 않는다. 모래사장 곳곳에 설치된 조형물들이 계절에 관계없이 다채로운 볼거리를 선사하기 때문이다. 속초를 형상화한 \'ㅅㅊ\' 이니셜과 세계 각국의 방향을 표시한 커다란 나침반, 생동감 있는 돌고래 조각 등이 눈길을 사로잡는다. 푸른 바다를 배경으로 한 대형 액자 프레임과 하늘을 향해 뻗은 천국의 계단은 이곳에서 가장 인기 있는 포토존이다. 매년 이곳에서는 관광객들에게 더욱 즐거운 추억을 선물하기 위해 버스킹, 여름해변축제, 속초 수제맥주 축제를 즐길수 있다. 여행시기에 맞추어 방문한다면 밴드공연, 음악회 등의 공연행사를 즐길 수 있다.',9,'https://upload.wikimedia.org/wikipedia/commons/thumb/3/35/Sokcho.jpg/1280px-Sokcho.jpg'),(203,'낙산사','강원도 양양군 강현면 낙산사로 100',38.125455,128.62798,'신라 문무왕 11년(671)에 의상대사가 창건한 고찰이다. 낙산사는 강원도 양양을 대표하는 관광명소이자 역사적 가치가 큰 명승지다. 강화 보문사, 남해 보리암과 더불어 한국 3대 관음성지로 꼽힌다. 동해가 한눈에 내려다보이는 천혜의 풍광이 아름다운 사찰은 관동팔경(강원도 영동의 여덟 군데 명승지) 중 한 곳으로, 예로부터 수많은 고전과 시문에 그 아름다움이 전해지고 있다. 낙산사는 여러 번 중건과 복원을 거친 역사적 사찰로 여러 문화재를 보유한다. 16m 높이의 해수관음상, 해안 절벽 위에 지은 정자이자 동해안 일출 명소인 의상대, 바다를 굽어보는 암자인 홍련암, 조선 시대에 지었으나 고려 시대 양식을 이어받은 양양 낙산사 칠층석탑(보물), 부처의 진신사리를 비롯한 사리장엄구가 발견된 양양 낙산사 해수관음공중사리탑·비 및 사리장엄구 일괄(보물) 등이 잘 알려져 있다. 2005년에 큰 산불이 나 보물로 지정되어 있던 동종을 비롯해 20여 채의 전각이 소실된 바 있다. 낙산사 홈페이지를 통해 템플스테이를 신청할 수 있다.',9,'https://cdn.pixabay.com/photo/2014/05/15/04/40/gangwon-do-344541_960_720.jpg'),(204,'대관령 양떼목장','강원도 평창군 대관령면 대관령마루길 483-32',37.689753,128.75298,'한국 농림부에서 지정한 동물복지와 산림보존에 특화된 목장이다. 20만 5,000㎡의 넓은 초지에 양들을 자유로이 방목한다. 1989년에 첫 축사를 완공하고 1991년에 면양을 들인 목장은 오늘날 면양 사육에 관해 한국 최고 수준의 시스템을 갖춘 목장으로 성장했다. 대관령양떼목장에서 즐길 거리는 크게 두 가지, 산책로 걷기와 먹이 주기 체험이다. 목장을 에두르는 1.2km 길이의 산책로는 40분가량이 소요된다. 야생식물이 자라는 산책로를 걸으며 초지에서 풀을 뜯는 양 떼를 만날 수 있다. 참고로 양은 초지 풀이 자라는 5월 중순~10월 말에 방목되고, 겨울에는 축사 안에서 생활한다. 산책로 초입에는 SNS 포토존으로 유명한 나무 움막이 있고, 산책로 중간 지점이자 목장 정상인 해발 920m에서 바라보는 백두대간은 막힌 가슴을 시원스럽게 한다. 산책로 마지막 코스인 먹이 주기 체험장에서는 축사 안의 양에게 건초를 줄 수 있다.',9,'https://cdn.pixabay.com/photo/2015/07/14/06/47/daegwallyeong-844228_960_720.jpg'),(205,'강촌레일파크 (김유정레일바이크)','강원도 춘천시 신동면 김유정로 1383',37.815984,127.71202,'경춘선 복선전철 개통으로 쓸모를 다한 옛 경춘선 철로에 이제는 기차 대신 레일바이크가 달린다. 강촌레일파크 김유정레일바이크는 경춘선 전철 김유정역 바로 옆에서 출발한다. 탑승장에는 지역적 특색을 살린 대형 책 조형물과 오색 우산 조형물 같은 포토존을 비롯해 카페, 짚와이어 등 소소한 즐길 거리가 많다. 김유정역 탑승장을 출발해 옛 강촌역까지 전체 8.5km 코스로, 처음 6km 구간은 레일바이크로, 나머지 2.5km 구간은 낭만열차를 타고 이동한다. 레일바이크 구간은 주로 내리막길로 이뤄져 힘들지 않고 산과 들, 강이 어우러지는 목가적인 풍경과 갖가지 테마로 꾸민 터널이 이어진다. VR(가상현실) 체험이 가능한 구간이 있으며 추가 요금을 내고 이용 가능하다. 이국적인 분위기의 낭만열차는 북한강을 따라 달리며 탁 트인 전망을 선사한다. 목적지에 도착한 후에는 셔틀버스를 타고 탑승장으로 되돌아온다. 경강역에서 출발하는 7.2km 코스의 경강레일바이크도 별도 운영한다.',9,'https://www.railpark.co.kr/uploaded/course/60e5b01b94234044f9b6e895a9f3103b.jpg'),(206,'남이섬','강원도 춘천시 남이섬길 1 남이섬',37.791689,127.52505,'남이섬은 [동화나라, 노래의섬]을 컨셉으로 다양한 문화행사, 콘서트 및 전시를 꾸준히 개최해 오고 있으며, 어린이들에게는 꿈과 희망을, 연인들에게는 사랑과 추억을, 문화계 인사들에게는 창작의 터전과 기반을 마련해 주고 있는 자연생태 문화공간이다. 주요시설로는 노래박물관, 그림책놀이터, MICE센터, 아트숍, 유니세프라운지 등의 문화시설과 투개더파크, 나눔열차, 스토리투어버스 등의 유기시설이 갖춰져있고 다양한 메뉴를 즐길 수 있는 식음시설, 다양한 테마로 꾸며진 객실과 강변의 독립적인 공간을 가진 별관으로 이루어진 숙박시설 호텔정관루가 있다. [짚와이어] 짚와이어는 80M높이의 타워에서 자유낙하로 약 1km 거리를 활강하는 스릴 만점의 친환경 하강레저시설이다. 북한강 일대를 바라보며 상쾌한 강바람과 함께 빠른 속도로 남이섬으로 입장할 수 있다. [자전거(바이크센터)] 바이크 라이딩은 남이섬을 둘러보는 가장 효과적인 방법으로, 한 시간이면 섬 한 바퀴를 돌 수 있다. 자전거(싱글, 커플, 패밀리), 전기자전거(싱글, 베이비)등을 대여할 수 있다. 특별한 자전거를 원한다면 하늘자전거를 이용해보자. 가족, 친구, 연인과 함께 페달을 밟으며 남이섬의 경치를 한눈에 내려다 볼 수 있다. [나눔열차] 선착장부터 섬의 중앙까지 이동하며 경치를 감상할 수 있는 꼬마 열차. 댕댕댕 종소리를 울리며 승객들을 동심의 세계로 데려다준다. [스토리투어 버스] 선착장에 내리면 친환경 스토리투어버스가 기다리고 있다. 전문 가이드의 친절한 안내를 받으며 남이섬 일주를 시작해보자. [모험의숲 TreeGo] 유럽형 숲체험시설 TreeGo를 남이섬에서 즐겨보자! 와이어로프와 플랫폼으로 연결된 나무 사이를 이동하며 건강, 자신감, 모험심을 기를 수 있다. 짚라인, 트리코스터, 트램폴린, 나무터널, 흔들그네 등 다양한 게임이 있으며, 성인/청소년 코스와 어린이 코스로 온 가족이 즐기기에 좋은 남이섬 숲속 놀이터이다.',9,'https://upload.wikimedia.org/wikipedia/commons/thumb/3/3e/%EB%82%A8%EC%9D%B4%EC%84%AC_%2827%29.JPG/1280px-%EB%82%A8%EC%9D%B4%EC%84%AC_%2827%29.JPG'),(207,'하이원 하늘길','강원도 정선군 고한읍 하이원길 265-1',37.195247,128.82766,'과거 석탄운반로인 운탄고도와 백운산 등산로를 이어 만든 하늘길, 대표적인 무릉도원길과 운탄고도길 그리고 고원숲길로 구성되어 있으며, 아이들이 걷기에도 힘들지 않다. 하산은 스카이 1340을 이용하여 편하게 내려올 수 있다.',9,'http://tong.visitkorea.or.kr/cms/resource/27/2674827_image2_1.JPG'),(208,'오대산 국립 공원','강원도 평창군 진부면 오대산로',37.776683,128.60218,'강원도 평창군과 강릉시 그리고 홍천군 일부에 걸쳐 있고 태백산맥의 중심부에서 서쪽으로 길게 뻗은 차령산맥과 교차점에 있다. 해발 1,563m의 비로봉을 중심으로 이루어진 오대산은 총 면적 298.5㎢으로 1975년 2월 1일 국립공원으로 지정되었다. 주봉인 비로봉을 비롯하여 호령봉, 상왕봉, 동대산, 두로봉 등의 산봉우리로 이루어져 있다. 평창군의 오대산지구, 방아다리지구, 병내리지구, 황병산지구, 홍천군 내면지구, 강릉시 소금강지구 등으로 나뉘어 지는데, 월정사에서 상원사, 적멸보궁을 잇는 10km는 수많은 계곡과 전나무 등의 큰 나무들이 수두룩하며, 잡목이 우거져 위압감마저 느끼게 한다. 산 전체의 토질이 중후하고 비옥하여 산림자원이 풍부하며 겨울철에는 강설량이 많고 산세가 완만하며 한강의 발원지이기도 하다. 또한 우리나라 제일의 울창한 산림으로 동식물상도 다양하다. 중턱에는 사스레나무 등 활엽수가, 정상 부근에는 눈측백나무와 주목이 군락을 이루고 호령계곡의 난티나무군락, 두노봉과 상왕봉선의 철쭉, 금강초롱 등이 유명하다. 동물로는 멧돼지, 사향노루, 산양, 오소리, 너구리, 청딱다구리, 원앙, 수리부엉이, 두견이, 뿔잠자리, 실베짱이, 산천어, 금강모치 등이 서식하고, 종류별로는 포유류 26종, 조류 85종, 곤총류 1,124종, 양서. 파충류 21종, 담수어류 20종이 조사되어 있다. 또한 신라때의 고찰인 상원사와 월정사를 비롯하여 국보와 보물을 소장한 사적과 문화재가 많은 불교성지이기도 하다. 자연경관으로는 상원사계곡, 청학천계곡, 구룡폭포, 세심폭포, 무릉폭포, 상팔담, 만물상, 십자소, 학소대, 방아다리약수, 송천약수 등이 있다.',9,'https://upload.wikimedia.org/wikipedia/commons/thumb/2/28/Korea-Gangwondo-Odaesan_National_Park_1671-07_Baekundam_Peak.JPG/1280px-Korea-Gangwondo-Odaesan_National_Park_1671-07_Baekundam_Peak.JPG'),(209,'월정사','강원도 평창군 진부면 오대산로 374-8',37.731715,128.59211,'월정사는 강원도 평창군 진부면 동산리 오대산 동쪽 계곡의 울창한 수림 속에 자리잡고 있다. 동대 만월산을 뒤로 하고, 그 만월산의 정기가 모인 곳에 고요하게 들어앉은 월정사는 사철 푸른 침엽수림에 둘러싸여 고즈넉한 아름다움을 띤다. 그 앞으로는 맑고 시린 물에서 열목어가 헤엄치는 금강연이 또한 빼어난 경관을 그리며 흐르고 있다. 월정사를 품고 있는 오대산은 자연 조건이며 풍광이 빼어날 뿐더러 예로부터 오만보살이 상주하는 불교성지로서 신성시되어 왔다. 그 오대산의 중심 사찰로서 신라 때부터 지금까지 일천사백여년 동안, 개산조자장율사에서 부터 근대의 한암, 탄허스님에 이르기까지 많은 이름난 선지식들이 머물던 곳이려니와, 월정사는 오늘날에도 하늘을 향해 쭉쭉 뻗은 이 곳 전나무 숲의 그 곧음과 푸름으로 승가의 얼을 오롯이 지키고 있는 한국 불교의 중요한 버팀목이 되고있다.월정사는 조계종 제4교구 본사이며, 60여개의 사찰과 8여개의 암자를 거느리고 있으며, 신라 선덕여왕 12년(643년) 자장율사에 의해 창건되었다. 현재 월정사에는 국보 팔각9층석탑 및 보물 월정사 석조보살좌상 등 수 많은 문화재를 보유하고 있다.1km에 달하는 500년 수령의 전나무 숲과 함께 오대산을 상징하는 사찰이다.',9,'https://upload.wikimedia.org/wikipedia/commons/thumb/6/62/Korea-Gangwon-Woljeongsa_1718-07.JPG/1280px-Korea-Gangwon-Woljeongsa_1718-07.JPG'),(210,'오죽헌','강원도 강릉시 율곡로3139번길 24',37.779516,128.87732,'\'오죽헌\'은 조선시대의 대학자 율곡 이이와 관련하여 유명해진 강릉 지역의 대표적인 유적지이다. 오죽헌은 조선 초기의 건축물로, 건축사적인 면에서 중요성을 인정받아 1963년 보물로 지정됐다. 이 곳 몽룡실(夢龍室)에서 율곡 이이(李珥)가 태어났다고 한다. 경내에는 오죽헌을 비롯하여 문성사(文成祠), 사랑채, 어제각(御製閣), 율곡기념관, 강릉시립박물관 등이 있다. 문성사는 율곡의 영정을 모신 사당이며, 어제각은 율곡의 저서 격몽요결과 율곡이 유년기에 사용 하였던 벼루(용연)를 보관하기 위한 유품소장각이다. 한편 율곡기념관은 율곡의 저서와 신사임당의 유작을 비롯하여 매창·옥산 이우 등, 율곡 일가의 유품 전시관이다. 한편 강릉시는 1961년부터 현재까지 매년 10월 25, 26일 율곡을 추모하는 율곡제전을 봉행하고 있다.',9,'https://upload.wikimedia.org/wikipedia/commons/thumb/b/ba/Ojukheon_20220501_050.jpg/1280px-Ojukheon_20220501_050.jpg'),(211,'태백산 국립공원','강원도 태백시 태백산로 4778 (소도동)',37.092449,128.93322,'태백산은 백두대간의 중앙부에 솟아 있는 민족의 영산이며, 한강과 낙동강, 삼척의 오십천이 발원하는 한반도 이남의 젖줄이 되는 뿌리산이다. 태백산은 천제단이 있는 영봉(1,560m)을 중심으로 북쪽에 장군봉(1567m) 동쪽에 문수봉(1,517m), 영봉과 문수봉사이의 부쇠봉(1,546m) 등으로 이루어져 있으며, 최고봉은 함백산(1,572m)이다. 함백산을 포함하여 산봉·기암·괴석 등 경관자원 13개소가 분포되어 있으며, 여우, 담비, 개병풍 등 멸종위기종 22종과 천연기념물 10종(열목어, 붉은배새매 등) 등을 포함하여 총 2,637종의 야생생물이 서식하고 있다. 또한, 국가민속문화재 태백산 천제단 등 지정문화재 3점을 포함하고 있어 생태·경관, 역사·문화적인 가치가 매우 높은 지역에 해당된다. 또한 태백산 정상부에는 고산식물이 많이 자생하는데, 특히 국내의 대표적 주목 군락지로 유명하며, 봄이면 산철쭉, 진달래의 군락지가 등산객을 맞이하고 여름에는 울창한 수목과 차고 깨끗한 계곡물이 한여름 더위를 잊기에 충분하며 가을은 형형색색의 단풍으로 수놓으며 겨울은 흰 눈으로 뒤덮인 주목군락의 설경을 보여 주는 곳으로 남성다운 중후한 웅장함과 포용력을 지닌 육산으로 이루어져 있다.',9,'https://upload.wikimedia.org/wikipedia/commons/thumb/c/c7/Taebaeksan_2016_12_30_winter.jpg/1280px-Taebaeksan_2016_12_30_winter.jpg'),(212,'강릉 선교장','강원도 강릉시 운정길 63 (운정동)',37.786633,128.88517,'선교장은 강원도 지역에서 가장 잘 남아 있는 품위있는 사대부 가옥이다. 강릉시에 경포쪽으로 4km 쯤 떨어진 선교장은 조선시대 상류층의 가옥을 대표하는 곳으로, 국가민속문화재로 지정되었다. 경포호가 지금보다 넓었을 때, \'배타고 건넌다\' 고 하여 이 동네를 배다리 마을(船橋里)이라 불렀는데, 선교장이란 이름은 바로 여기서 유래한다. 선교장은 조선 영조때(1703년) 효령대군의 후손인 이내번이 족제비 떼를 쫓다가 우연히 발견한 명당 자리에 집을 지은 후, 그 후손이 지금도 살고있다. 총건평1,051.24m²(318평)으로, 긴행랑에 둘러싸인 안채, 사랑채, 동별당, 가묘 등이 정연하게 남아있고, 문 밖에는 수백평의 연못 위에 세워진 활래정이라는 정자가 있어, 정원까지 갖춘 완벽한 구조를 보여 준다. 선교장은 건물 뿐 아니라 조선 후기의 주거생활과 생활용구를 연구하는데 귀중한 자료가 되고 있으며, 주변경관과 어우러진 풍치가 아름답다. 선교장의 사랑은 열화당이라하며, 여기에는 용비어천가, 고려사 등 수천 권의 책, 글, 그림 등이 소장되어 있다.',9,'https://i7d110.p.ssafy.io/api/image/download/tripplace92.jpg'),(213,'치악산 국립공원','강원도 원주시 소초면 무쇠점2길 26',37.340011,128.06733,'차령산맥의 한 봉우리인 치악산은 최고봉인 비로봉(1,288m)을 중심으로 삼봉, 향로봉, 남대봉, 천지봉 등 1,000m가 넘는 봉우리가 병풍처럼 남북으로 걸쳐 있다. 주봉인 비로봉에서 남대봉까지 남북으로 뻗은 치악 능선은 14km에 달하며, 총 면적 182.09㎢로 1984년에 국립공원이 되었다. 옛 부터 동악 명산이라 하여 구룡사, 상원사등 신라 천년의 역사가 서린 고찰을 비롯하여 영원산성, 해미산성등 전란사가 담긴 유서 깊은 곳으로 기암괴석과 울창한 산림이 천하절경을 이루고 있으며 적악산으로 불리우다 꿩의 보은전설이 연유되어 치악산이 되었다. 구룡계곡, 금대계곡, 부곡계곡 등 기이한 암석들이 이룬 아름다운 계곡과 태종대, 구룡소, 세렴폭포, 구룡사, 상원사 등의 수많은 관광명소가 곳곳에 산재해 있으며 춘하추동 계절에 따라 변화무쌍하고 봄의 진달래, 철쭉꽃과 여름철 구룡사의 울창한 숲과 깨끗한 물, 가을 단풍과 특히 겨울 설경이 장관이어서 사시사철 등산객이 많이 찾는다.',9,'https://upload.wikimedia.org/wikipedia/commons/thumb/5/5e/Chiak_Scenery.jpg/1280px-Chiak_Scenery.jpg'),(214,'청평사','강원도 춘천시 북산면 오봉산길 810',37.986148,127.80898,'오봉산에 폭 안긴 천년고찰. 973년 백암선원으로 시작해 몇 차례 이름을 고쳐 부르고 중건 과정을 거치면서 청평사로 자리 잡아 오늘에 이르고 있다. 고려시대 학자 이자현은 관직을 버리고 이곳에 머물며 자연 지형을 그대로 살려 정원을 조성했다. 고려시대 연못의 원형을 간직한 영지 등이 이런 흔적을 잘 보여준다. 안타깝게도 오랜 세월이 흐르고 한국전쟁도 겪으면서 많은 유물이 사라졌다. 현재까지 남은 유물은 청평사 회전문(보물), 청평사 삼층석탑(강원도 문화재자료), 진락공 부도 등이 있다. 청평사의 자랑인 회전문은 사천왕문을 대신하는 것으로, 윤회전생을 깨우치는 의미를 담은 문이다. 청평사에는 공주와 상삿뱀 설화가 전한다. 상삿뱀이 붙어 고생하던 공주가 청평사에 와서 불공을 드린 후 뱀이 떨어져 나갔다는 전설이다. 그래서 청평사 삼층석탑은 공주탑으로 불리기도 한다. 청평사는 절집 규모는 크지 않지만 주변 자연환경이 아름답고 거기에 전각과 영지 등 인공적인 요소가 수려하게 조화를 이룬다. 이런 이유로 청평사 일대는 명승으로 지정되어 있다. 청평사는 육로는 물론 소양강댐 선착장에서 배를 타고 접근 가능하다.',9,'https://i7d110.p.ssafy.io/api/image/download/tripplace93.jpg'),(215,'안목해변','강원도 강릉시 창해로14번길 20-1',37.772245,128.94827,'견소동에 위치한 길이 500m, 2만㎡의 백사장이 있는 안목해변은 가족단위 피서객이 즐기기 적합한 곳이다.「안목」은 남대천 하구 반대편에 위치한 남항진에서 송정으로 가는 마을 앞에 있는 길목이라는 뜻에서 생긴 말이며「견소」는 남대천에서 흐르는 물이 바다로 빠지는데 죽도봉에서 바다로 흐르는 물을 내려다보면 물살의 모습을 볼 수 있다 하여 견조(見潮)라 썼다고 한다. 그 뒤 일본인들이 견조를 발음하기 쉬운 견소라 했다. 마을 앞에는 전주에서 떠내려 왔다는 해발 37m의 젠주봉(全州峰)이 있는데, 전설에 의하면 전라도 전주에서 해마다 땅세를 받아갔다고 한다. 어느 한 해에 흉년이 들어 마을사람들이 땅세를 줄 일을 걱정하고 있었는데 어린이의 기지로 이 때부터 땅세를 내지 않았다 한다. 옛날 이곳에 천연 염전이 있었다. 이곳 사람들은 일이 잘 될 때를 가리켜, 「젠주 염전되듯」이라고 한다. 해변 바로 옆에 안목항이 있어 봄에는 미역, 여름에는 가자미, 넙치(광어), 오징어, 문어, 민들조개(째복), 가을과 겨울에는 도루묵, 명태, 우럭 등을 23척의 어선들이 잡아 오전 9시 귀항한다. 피서철이 끝나는 8월말 경에는 고등어가 멸치를 잡아먹기 위해 쫓는데, 바닷가로 밀려나오는 멸치떼를 바가지, 반두 등으로 떠내는 일이 종종 있는 곳이다. 최근 이 곳은 커피를 즐길 수 있는 커피거리로도 유명하다.',9,'https://upload.wikimedia.org/wikipedia/commons/thumb/9/94/%EA%B0%95%EB%A6%89%EC%8B%9C_%EC%95%88%EB%AA%A9%ED%95%B4%EB%B3%80_2016-10-09_12.06.21.jpg/1280px-%EA%B0%95%EB%A6%89%EC%8B%9C_%EC%95%88%EB%AA%A9%ED%95%B4%EB%B3%80_2016-10-09_12.06.21.jpg'),(216,'백담사(오세암)','강원도 인제군 백담로 746 백담사',38.164971,128.37385,'백담사는 내설악에 있는 대표적인 절로 가야동 계곡과 구곡담을 흘러온 맑은 물이 합쳐지는 백담계곡 위에 있어 내설악을 오르는 길잡이가 되고있다. 신라제28대 진덕여왕 원년(647년)에 자장율사가 세웠는데 처음은 한계사라 불렸으나 그 후, 대청봉에서 절까지 웅덩이가 백개 있어 백담사라 이름 붙였다. 십여차례 소실되었다가 6. 25동란 이후 1957년에 재건되어 현재에 이르는 등 역사적 곡절이 많은 절이다. 자장율사의 유물소동일좌와 인조 때 설정대사에게 하양한 칠층소형옥탑 등이 있으며, 암자로는 영시암, 오세암, 봉정암이 있다. 그 밖에 백담사는 만해 한용운(1879∼1944)이 머리를 깍고 수도한 곳으로 유명하다. 만해 스님은 민족와 국민을 위해 그곳에서 민족의 얼을 되살리는 산고의 고통을 겪으면서 집필을 하였다. 백담사 앞 계곡 한쪽으로는 무수한 돌탑이 있는데, 백담사를 다년간 사람들이 소원을 빌며 쌓은 것이다',10,'https://upload.wikimedia.org/wikipedia/commons/thumb/d/d1/Oseam_IMG_20180819.jpg/2560px-Oseam_IMG_20180819.jpg'),(217,'한라산 백록담','제주특별자치도 서귀포시 토평동',33.362402,126.53332,'옛날 신선들이 하늘에서 내려와 백록을 타고 놀았다해서 백록담이라 불려졌다 한다. 둘레 약 2천여미터, 깊이가 약 100여 미터의 커다란 화산호인 백록담을 한 바퀴 돌고 나면 제주 섬 해안 도로를 다 돌아다닌 것이나 진배없다. 높이 1,950m이다. 남한에서 가장 높은 산이다. 제3기 말∼제4기 초에 분출한 휴화산이다. 현무암으로 이루어져 있으며 줄기는 제주도 중앙에서 동서로 뻗는다. 남쪽은 경사가 심한 반면 북쪽은 완만하고, 동서쪽은 비교적 높으면서도 평탄하다. 정상에는 둘레 약 3㎞, 지름 500m의 화구호인 백록담(白鹿潭)이 있으며, 주위 사방에 흙붉은오름[土赤岳]·사라오름[砂羅岳]·성널오름[城板岳]·어승생오름[御乘生岳] 등 360여 개의 측화산을 거느리고 있다. 둔덕에 올라서면 산의 높이가 느껴지고 마치 하늘에 두둥실 떠 있는 듯한 멋진 환상을 맛보게 된다. 한편 한라산은 천연기념물 한라산 천연보호구역으로 지정, 보호되고 있다.',10,'https://upload.wikimedia.org/wikipedia/commons/thumb/b/ba/Halla01.JPG/2560px-Halla01.JPG'),(218,'성산일출봉','제주특별자치도 서귀포시 성산읍 일출로 284-12',33.459103,126.9405483,'해발 180m인 성산 일출봉은 약 5,000년 전 제주도 수많은 분화구 중에서는 드물게 바닷속에서 수중폭발한 화산체이다. 용암이 물에 섞일 때 일어나는 폭발로 용암은 고운 화산재로 부서져 분화구 둘레에 원뿔형으로 쌓여 있다. 원래는 화산섬이었지만 신양해수욕장 쪽 땅과 섬 사이에 모래와 자갈이 쌓여 육지와 연결이 된 것이다. 일출봉 정상에는 지름 600m, 바닥면의 높이 해발 90m에 면적이 214,400㎡(성산일출봉 분화구의 면적)나 되는 분화구가 자리한다. 이곳에서 이장호 감독의 영화 \'공포의 외인구단\'의 한 장면이 촬영되기도 했다. 농사를 짓기도 했는데 지금은 억새밭을 이루며 우도가 손에 잡힐 듯 보인다. 예로부터 이곳 성산일출봉 정상에서 바라보는 일출광경은 영주10경(제주의 경승지) 중에서 으뜸이라 하였다. 넘실대는 푸른 바다 저편 수평선에서 이글거리며 솟아오르는 일출은 온 바다를 물들이고 보는 이의 마음까지도 붙잡아 놓으며 보는 이로 하여금 저절로 감탄케 한다. 지방기념물로 관리하다 2000년 7월 19일 천연기념물로 지정된 곳이다.',10,'https://upload.wikimedia.org/wikipedia/commons/thumb/6/61/Seongsan_Ilchulbong_from_the_air.jpg/2560px-Seongsan_Ilchulbong_from_the_air.jpg'),(219,'섭지코지','제주특별자치도 서귀포시 성산읍 섭지코지로 107',33.423907,126.93059,'섭지코지는 코지(코지곶을 의미하는 제주 방언)라는 지명에서 알 수 있듯 코의 끄트리 모양 비죽 튀어나온 지형이다. 위치상으로는 서귀포시 성산읍 신양리 해안에 돌출되어 있다. 외지인들에게는 찾아가기가 그리 쉽지는 않은데 대개의 경우 신양리 해안 국도변에서 마을로 진입하여 이정표를 보고 콘크리트로 포장된 길을 따라가면 코지 끝에까지 이를 수 있다. 또는 서귀포 방면에서 찾아온다면, 표선시내를 지나 약 7km 쯤 가서 우측으로 해안도로 표지판이 나오면 여기서 우회전하여 줄곧 바다를 끼고 정면으로 섭지코지 전경을 바라보며 달리다가 이내 신양해수욕장 백사장이 보이고 마을 앞에 이르러 우회전, 마찬가지로 콘크리트 도로를 따라가면 된다. 특히 이곳의 유채꽃은 밝은 햇살과 푸른 바다빛과 어울려 그 어느 곳에서보다 더욱 선명하고 고운 빛깔을 띄고 있다. 넓고 평평한 코지언덕 위에는 옛날 봉화불을 지피던 협자연대라는 돌로 만든 봉수대가 세워져 있는데 높이 약 4m, 가로세로 9m의 정방형으로 비교적 원형대로 보존되어 있다.연대에서 동북 방향으로 솟아있는 봉우리는 일명 붉은오름으로, 제주말로 송이라고 하는 붉은색 화산재로 이루어진 오름인데, 정상에 서있는 하얀 등대의 모습이 노란 유채 꽃밭과 오름의 붉은 흙빛, 그리고 파란하늘빛, 바다빛과 대비되는 또다른 이국적인 정취를 불러 일으킨다. 등대까지는 철계단이 마련되어 있어 쉽게 올라갈 수 있으며 등대 난간에 올라서면 과연 기가막힌 섭지코지의 해안절경이 바로 코 앞에 펼쳐진다. 그 중 절벽아래로 보이는 촛대 모양으로 삐죽 솟은 바위는 용왕의 아들과 하늘나라 선녀에 대한 슬픈 짝사랑의 전설이 담긴 선돌로, 하늘을 향해 치솟은 족한 정수리에 온통 갈매기 배설물로 허옇게 덮여있는 것이 마치 사람이 흰 눈을 이고 있는 듯한 모습이어서 더욱 시선이 끌린다.',10,'https://upload.wikimedia.org/wikipedia/commons/thumb/8/8b/%EB%B0%94%EB%9E%8C%EC%9D%98_%EC%96%B8%EB%8D%95_%EC%84%AD%EC%A7%80%EC%BD%94%EC%A7%80_2.jpg/2560px-%EB%B0%94%EB%9E%8C%EC%9D%98_%EC%96%B8%EB%8D%95_%EC%84%AD%EC%A7%80%EC%BD%94%EC%A7%80_2.jpg'),(220,'우도','제주특별자치도 제주시 우도면 우도로 153',33.504248,126.95564,'우도는 소가 누워있는 모양을 닮았다고 해서 일찍부터 소섬 또는 쉐섬으로 불리웠다. 원만한 경사와 옥토, 풍부한 어장, 우도팔경 등 천혜의 자연조건을 갖춘 관광지로써 한해 약 200만 명의 관광객이 찾는 제주의 대표적인 부속섬이다. 민박 등이 가능하고 다양한 낚시를 할 수 있으나 등대 밑을 제외한 전 지역은 수심이 평균 2~3m이기 때문에 파도가 높거나 야간이, 아니면 낚시가 안된다.',10,'https://upload.wikimedia.org/wikipedia/commons/thumb/8/86/%EC%9A%B0%EB%8F%84%EB%B4%89%EC%97%90%EC%84%9C_%EB%B0%94%EB%9D%BC%EB%B3%B8_%ED%92%8D%EA%B2%BD.jpg/2560px-%EC%9A%B0%EB%8F%84%EB%B4%89%EC%97%90%EC%84%9C_%EB%B0%94%EB%9D%BC%EB%B3%B8_%ED%92%8D%EA%B2%BD.jpg'),(221,'추자도','제주특별자치도 제주시 추자면 추자도',33.95281,126.3148,'제주도와 한반도 중간에 위치한 추자도는 제주도에서 45km, 해남에서는 35km 떨어져있는 섬이다. 상추자, 하추자, 추포도, 횡간도 4개의 유인도와 38개의 무인도로 이루어져 있다. 추자도에 마을이 처음 들어선 것은 고려 원종 12년(1271년)부터이며 옛날 뱃길로 제주와 육지를 오가다 바람이 심하면 바람을 피해가기 위해 기다리는 섬이라 하여 \'후풍도\'라 불리었다. 그 후 조선 태조 5년 이 섬에 추자나무 숲이 무성한 탓에 \'추자도\'로 불리게 되었다고 한다. 낚시꾼들의 성지이자 올레꾼들의 필수 코스인 추자도는 사실 낚시와 올레길만으로 설명되지 않는 다채로운 매력을 가지고 있다. 추자군도부터 마을 전경, 바다와 몽돌해안까지 추자도의 곳곳을 담는 포토존. 색다른 제주를 프레임에 담아보고 싶은 여행자에게 떠오르는 인생샷 성지 추자도에서의 포토존 투어를 추천한다.',10,'https://cdn.pixabay.com/photo/2015/09/08/11/07/jeju-929775_960_720.jpg'),(222,'성읍민속마을','제주특별자치도 서귀포시 표선면 성읍정의현로 19',33.384949,126.80149,'표선리에서 북쪽으로 8km쯤 가면 한라산 기슭 아래 성읍마을이 있다. 성읍리는 원래 제주도가 방위상 3현으로 나뉘어 통치되었을 때(1410-1914) 정의현의 도읍지였던 마을로서 제주도 옛 민가의 특징을 잘 간직하고 있는 곳이다. 유형, 무형의 많은 문화유산이 집단적으로 분포되어 있고, 옛마을 형태의 민속경관이 잘 유지되어 그 옛 모습을 계속 유지하고자 민속마을로 지정.보호하고 있다. 이곳에서는 옛민가, 향교, 옛관공서, 돌하루방, 연자방아, 성터, 비석 등의 유형 문화유산과 중산간 지대 특유의 민요, 민속놀이, 향토음식, 민간공예, 제주방언 등의 무형 문화유산이 아직까지 전수되고 있다. 천연기념물인 느티나무, 팽나무 등은 오백년 도읍지로서의 긍지를 엿볼 수 있다. 제주 초가를 가장 잘 보존하고 있는 성읍민속마을은 실제로 제주 초가에 살고 있는 성읍리 주민들과 제주의 전통 화장실인 \'통시\'를 만나볼 수도 있다. 특히 마을내 고목과 돌담 그리고 옛 성벽 등이 어우러진 고풍스런 모습은 오백년 도읍지의 역사를 그대로 말해준다.',10,'https://upload.wikimedia.org/wikipedia/commons/thumb/c/c5/Seongeup_Historic_Village.jpg/2560px-Seongeup_Historic_Village.jpg'),(223,'휴애리 자연생활공원','제주특별자치도 서귀포시 남원읍 신례동로 256',33.3094,126.63545,'휴애리는 서귀포시 남원읍 신례리 한라산 자락에 있는 자연생활 체험 공원이다. 휴애리 대표 축제로는 2월 ~ 3월 제주에서 봄을 가장 먼저 알리는 매화축제를 시작으로 4월 ~ 7월까지 공원 곳곳에서 수국과 산수국을 함께 볼 수 있는 수국축제 9월 ~ 11월 까지 가을 제주를 찾는 사람들에게 핑크핑크한 제주를 선물하는 핑크뮬리축제 11월 ~ 1월 까지 겨울 제주를 대표하는 동백축제가 열리는 등 다양한 볼거리를 제공해 제주 여행시 꼭 방문해야하는 핫플레이스 관광지로 자리매김해 가고 있다.\n공원 안에는 다양하고 예쁜 포토존들이 구성되어 있어서 핸드폰 충전은 필수이며, 축제 외에도 동물교감체험 등 다양한 체험프로그램으로 인해서 커플이나 가족단위 관광객이 즐겨 찾고 있다. 매시간 정각, 인기절정 흑돼지야놀자 공연이 펼쳐지는데, 공연 30분 전에 공원을 입장하시면 원활하게 공연을 관람하실 수 있고 흑돼지와 거위의 공연을 보고 난후 또 다른 재미인 먹이주기체험을 할 수 있으며, 이 외에도 어미흑돼지와 함께 있는 아기흑돼지를 직접 보고 만지면서 교감을 할 수 있다. 흑돼지뿐만 아니라 토끼, 제주마, 송아지, 염소등 다양한 동물들에게 직접 먹이를 주며 가까이서 관찰할 수 있는 먹이주기체험도 할 수 있다.\n곤충테마관에서는 토종 곤충과 장수풍뎅이, 사슴벌레, 수중 생물 등 제주도에 서식하는 여러 곤충들을 관찰할 수 있고 최근 인기급부상 중인 귀뚜라미의 생활하는 모습과 울음소리 등을 감상해 볼 수 있어서 더욱 좋은 시간을 보낼 수 있다. 제주를 대표하는 계절체험으로는 감귤체험을 들 수가 있다.감귤맛이 좋기로 소문난 휴애리 감귤체험에서 8월 ~ 9월에는 어린이 교육용으로 감귤체험을 진행하고 10월 ~ 2월 까지 전 연령이 직접 체험하면서 따서 먹어보고 체험해본 귤을 가져갈 수 있다. 4계절 축제 테마 와 다양한 체험거리가 있는 인생사진 명소 제주도 휴애리에 방문하셔서 즐겁고 행복한 추억을 만들수 있는 제주도의 핫플레이스다.',10,'http://tong.visitkorea.or.kr/cms/resource/33/2615533_image2_1.bmp'),(224,'금오름','제주특별자치도 제주시 한림읍 금악북로 (금악리) 일대',33.35455,126.3058498,'서부 중산간 지역의 대표적인 오름 중의 하나이다. 산정부에 대형의 원형 분화구와 산정화구호(山頂火口湖)를 갖는 신기(新期)의 기생화산체이며, 남북으로 2개의 봉우리가 동서의 낮은 안부로 이어지며 원형의 분화구 (깊이 52m)를 이루고 있다. 분화구내의 산정화구호 (일명 今岳潭)는 예전에는 풍부한 수량을 갖고 있었으나 현재는 화구 바닥이 드러나 있다. `검, 감, 곰, 금` 등은 어원상 신(神)이란 뜻인 `곰(고어)`과 상통하며, 동일한 뜻을 지닌 `곰`係語(계어)로서 고조선시대부터 쓰여 온 말이라고 한다. 즉 `금오름`은 神이란 뜻의 어원을 가진 호칭으로 해석되며, 옛날부터 신성시 되어 온 오름임을 알 수 있다. 해송, 삼나무, 찔레, 보리수, 윷노리나무 등 원형 분화구와 산정화구호이다.\n* 표고 427.5m, 비고 178m, 둘레 2,861m, 면적 613,966㎡, 저경 1,008m',10,'https://images.unsplash.com/photo-1632904472836-289166d8ea24?ixlib=rb-1.2.1&ixid=MnwxMjA3fDB8MHxwaG90by1wYWdlfHx8fGVufDB8fHx8&auto=format&fit=crop&w=1332&q=80'),(225,'함덕 해수욕장','제주특별자치도 제주시 조천읍 조함해안로 519-10',33.543061,126.6692336,'제주올레 19코스를 걷다 보면 에메랄드빛 보석을 품고 있는 함덕해수욕장을 만날 수 있다. 제주시 조천읍 함덕리에 자리한 함덕해수욕장은 해수욕장 바로 옆에 우뚝선 오름(서우봉) 덕분에 \'함덕서우봉해변\'이라고도 불린다. 제주공항에서 불과 20km 떨어졌지만, 이곳에 도착하는 순간 다른 나라에 온 것 같은 기분이 든다. 입구부터 환영해주는 키 큰 야자수들, 하얀 모래와 대조를 이루는 에메랄드빛 바다, 모래와 미역마저 투명하게 비춰주는 맑은 물과 하얀 파도가 그러하다.\n제주도 수많은 해수욕장 중에서도, 바다색이 가장 예쁜 3곳을 꼽는다면 단연 협재, 김녕, 그리고 함덕해수욕장이다. 물이 맑고 수심이 얕아서 가족단위 피서지로도 좋다. 해수욕장 서쪽은 구름다리로 연결되어 있어 바다 위를 걷는 듯한 경험을 할 수 있다. 피크닉 하기 좋은 잔디밭, 밤에도 안심하고 바다를 즐길 수 있는 산책로가 매력이어서 사계절 찾는 이들의 발길이 끊이지 않는다. 특히 여름에는 야간개장도 하고 있어 제주의 푸른 밤을 바다에서 즐길 수 있다.\n바로 옆에 자리한 서우봉은 봄이 되면 노란 유채꽃으로 여름엔 초록빛으로 계절마다 그림 같은 풍경을 선사한다. 서우봉에 오르면 함덕해수욕장을 한눈에 담을 수 있는 호사를 누릴 수 있다. 날씨가 좋으면 한라산과 동쪽 오름들도 내려다볼 수 있는 최고의 전망포인트이다.',10,'https://upload.wikimedia.org/wikipedia/commons/thumb/b/bc/%ED%95%A8%EB%8D%95_%EC%84%9C%EC%9A%B0%EB%B4%89_%ED%95%B4%EC%88%98%EC%9A%95%EC%9E%A5.jpg/2560px-%ED%95%A8%EB%8D%95_%EC%84%9C%EC%9A%B0%EB%B4%89_%ED%95%B4%EC%88%98%EC%9A%95%EC%9E%A5.jpg'),(226,'천지연 폭포','제주특별자치도 서귀포시 천지동',33.247106,126.55453,'이름만큼이나 빼어난 서귀포 천지연(天地淵)폭포는 조면질 안산암의 기암절벽이 하늘높이 치솟아 마치 선계(仙界)로 들어온 것같은 황홀경을 느끼게 한다. 천지연계곡에는 천연기념물로 지정된 담팔수 자생지 이외에도 가시딸기, 송엽란 등의 희귀식물과 함께 계곡 양쪽에 구실잣밤나무, 산유자나무, 동백나무 등의 난대성 식물들이 울창한 숲을 이루고 있어 천연기념물로 지정 보호되고 있다. 특히 담팔수나무는 담팔수과의 상록교목으로 우리나라에서는 안덕계곡, 천제연, 효돈천 등 제주도 남쪽해안이 섶섬, 문섬 등이 그 북한지이다.\n이 천지연난대림지대를 따라 나 있는 산책로를 1㎞쯤 걸어 들어가면 웅장한 소리를 내며 떨어지는 폭포와 만나게 된다. 서귀포항 어귀에서 길게 뻗은 오솔길에는 꽃치자, 왕벚나무,철쭉 등의 아름다운 꽃나무와 더불어 정취어린 돌징검다리, 숲사이 군데군데 마련된 쉼터가 최상의 데이트 코스를 연출해주므로 신혼부부나 연인들 사이에 무척 인기가 높다. 또한 폭 12m, 높이 22m에서 세차게 떨어져 수심 20m의 호(湖)를 이루는 천지연의 맑고 깊은 물은 천연기념물로 지정되었으며, 무태장어(천연기념물)의 서식지로서도 유명하다. 야간조명시설이 돼있어 11~4월에는 밤 10시까지 5~10월까지는 밤 11시까지 야간관광이나 데이트를 즐길 수 있는 코스로 최적지이다. 매년 서귀포칠십리축제가 이곳을 중심으로 화려하게 펼쳐지기도 한다.',10,'https://upload.wikimedia.org/wikipedia/commons/thumb/1/1b/Cheonjiyeon_Waterfall_20160616_092608.jpg/2560px-Cheonjiyeon_Waterfall_20160616_092608.jpg'),(227,'쇠소깍','제주특별자치도 서귀포시 쇠소깍로 128 (하효동)',33.251322,126.622965,'제주도 서귀포시 하효동에 있는 쇠소깍은 원래는 소가 누워있는 형태라 하여 쇠둔이라는 지명이었는데, 효돈천을 흐르는 담수와 해수가 만나 깊은 웅덩이를 만들고 있어 \'쇠소깍\'이라고 붙여졌다. 쇠는 소, 소는 웅덩이, 깍은 끝이라는 의미를 담고 있다. 쇠소는 용암이 흘러내리면서 굳어져 형성된 계곡 같은 골짜기로 이름 만큼이나 재미나고 독특한 지형을 만들고 있다. 쇠소깍은 서귀포칠십리에 숨은 비경 중 하나로 깊은 수심과 용암으로 이루어진 기암괴석과 소나무숲이 조화를 이루면서 아름다운 풍광을 연출한다.\n쇠소깍이 위치한 하효동은 한라산 남쪽 앞자락에 자리 잡고 있어 감귤의 주산지로 유명하여 마을 곳곳에 향긋한 감귤 냄새가 일품이다. 주변에는 주상절리대와 중문해수욕장, 천제연 폭포 등 유명한 관광지가 많아 함께 둘러보기에 좋다',10,'https://upload.wikimedia.org/wikipedia/commons/thumb/1/15/%EC%87%A0%EC%86%8C%EA%B9%8D_%288%29.jpg/2560px-%EC%87%A0%EC%86%8C%EA%B9%8D_%288%29.jpg'),(228,'사려니숲길','제주특별자치도 서귀포시 표선면 가시리 붉은오름 입구',33.421839,126.6265143,'사려니숲길은 제주의 숨은 비경 31곳 중 하나로, 비자림로를 시작으로 물찻오름과 사려니 오름을 거쳐가는 삼나무가 우거진 숲길이다. 사려니오름까지 이어지는 숲길이기 때문에 사려니숲길이라고 불린다. \'사려니\'는 \'신성한 숲\' 혹은 \'실 따위를 흩어지지 않게 동그랗게 포개어 감다\'라는 뜻으로 숲길을 거닐면 상쾌한 삼나무 향에 포개진 듯한 느낌을 받을 수 있다. 빽빽한 삼나무뿐만 아니라 졸참나무, 서어나무, 때죽나무, 편백나무 등 다양한 수종이 서식하고 있다. 다양한 수종이 서식하기 때문에 오소리와 제주족제비를 비롯한 포유류, 팔색조와 참매를 비롯한 조류, 쇠살모사를 비롯한 파충류 등의 보금자리가 되기도 한다. 사려니숲길은 본래 숲의 모습이 많이 훼손되지 않아 트래킹을 좋아하는 여행자들이 즐겨 찾는다. 지난 2002년 유네스코가 지정한 제주 생물권 보전지역(Biosphere Resev)이기도 하다. 숲보호를 위해 자연휴식년제로 \'물찻오름\'은 탐방을 제한했었으나, 한시적으로 이곳을 개방하는 <사려니숲 에코힐링(Eco-Healing)> 행사가 열리기도 했다.',10,'https://upload.wikimedia.org/wikipedia/commons/thumb/9/99/%EC%82%AC%EB%A0%A4%EB%8B%88%EC%88%B2%EA%B8%B8_%EC%99%B8%EB%B6%80_%EB%AA%A8%EC%8A%B5.jpg/2560px-%EC%82%AC%EB%A0%A4%EB%8B%88%EC%88%B2%EA%B8%B8_%EC%99%B8%EB%B6%80_%EB%AA%A8%EC%8A%B5.jpg'),(229,'수월봉','제주특별자치도 제주시 한경면 고산리 3760',33.294717,126.1630951,'제주의 가장 서쪽 끝머리에 있는 한경면 고산리에 가면 제주에서 가장 넓은 들이 있다. 이 들판 끝 해안가에 솟아있는 조그마한 봉우리가 수월봉이다. 수월봉은 해안에 돌출해 있는 높이 약 77m의 봉우리로 절벽이 예리하고 운치가 있으며 곳곳에서 솟는 용천수는 약수로 유명하다.\n수월봉 정상에는 기우제를 지내던 육각정인 수월정이 있다. 수월봉 아래 해안을 끼고 이어지는 절벽은 화석층이 뚜렷하여 자연의 신기함을 더하는 곳이다. 수월봉에서는 제주에서 가장 아름답다는 섬인 차귀도가 내려다 보이고, 더욱이 수월봉 정상에 있는 수월정에 앉아서 바라보는 낙조는 제주 어느 곳에서 보는 것보다 아름답다.',10,'https://upload.wikimedia.org/wikipedia/commons/thumb/2/2d/Suwol_Peak_Geo_Park_2.jpg/2560px-Suwol_Peak_Geo_Park_2.jpg'),(230,'별방진','제주특별자치도 제주시 구좌읍 하도리 3354 (구좌읍)',33.526774,126.8829,'별방성은 1973년 4월 13일에 제주도 기념물로 지정되어 보호되고 있다. 별방성에 대해 [신증동국여지승람] 제주목 관방조에는 \'별방성은 돌로 쌓았는데 둘레가 2,390자이고 높이는 7자이다. 중종 5년(1510)에 장림 목사가 이 땅이 우도(牛島)로 왜선이 가까이 댈 수 있는 곳이라 하여 성을 쌓고 김녕방호소를 이곳으로 옮기어 별방(別防)이라 이름하였다.\'라고 하였고, 김상헌의 [남사록]에는 \'별방성은 동·서·남에 세문이 있고 성 안에는 우물이 있으나 맛이 짜다. 지명은 옛날에 하도의탄리라 하였다.\'라고 하였으며 [탐라지]에는 \'북성에 대변청이 있고 중앙에는 객사(客舍), 별창(別倉), 군기고(軍器庫)가 있다.\'라고 하였다. 박천형의 서계(書啓) 내용에는 \'동쪽과 북쪽이 바다에 임하였고 성 안은 화북이나 조천에 비해 조금 넓으며 동·서·남에 세문과 성안에 두 우물이 있으나 포구의 공간이 몹시 좁고 뾰족 나온 돌모서리가 창 같이 날카로워 배를 정박할 수가 없다. 횃불을 비치해 경보하는 것이 좋을 듯하며 성을 설치하여 방어하는 데에는 적합한 곳이 아닌 듯하다.\'라고 하였다. 헌종 14년(1848)에 장인식 목사가 이를 중수하였다.',10,'https://i7d110.p.ssafy.io/api/image/download/tripplace94.jpg'),(231,'한림공원','제주특별자치도 제주시 한림읍 한림로 300',33.389188,126.24018,'한라산(1,950.1m)의 서쪽, 한림읍에 위치한 비경지대이다. 제주시에서 일주도로 해안을 따라 서쪽으로 33㎞지점에 위치한 한림공원은 협재, 금릉 해수욕장의 비경과 아름다운 비양도의 경관을 마주하고 있는 제주도내 최고의 관광명소로 손꼽히고 있다. 10만여 평의 대지에 하늘로 우뚝 뻗은 야자수군락과 울창한 송림으로 둘러싸인 한림공원은 다양한 종류의 꽃과 나무가 사계절 아름다운 경관을 연출하며, 협재 쌍용동굴과 아열대 식물원 그리고 제주석, 분재원, 재암민속마을, 수석전시관, 사파리조류원 등 다양한 볼거리를 함께 갖추고 있다. 또한, 2002년에는 1,000여 평 규모의 연못을 새로 조성하여 선보이는 등 계속해서 다양한 볼거리를 만들어 나가고 있다. 한림공원은 1971년 초 한림읍 협재리 바닷가 일원의 불모의 모래밭을 매입하여 수천 트럭 분량의 흙을 실어와 객토작업을 하고 아열대 수목의 종자를 파종하여 육묘함으로써 탄생하게 되었다고 한다. 16개의 식물원을 보유한 식물나라이다.',10,'https://postfiles.pstatic.net/MjAyMjA4MDRfNDMg/MDAxNjU5NTQ3ODA4Mzky.hHEPi2l3jnZYGCU2ihDr3_98DxHvxpIbt5bdHVw46Esg.wQQ2okyG3u_WcXuXOtOvVrKGRUtiMqgEvLo-b38W2qIg.JPEG.ph2978/%ED%95%9C%EB%A6%BC%EA%B3%B5%EC%9B%90.jpg?type=w966'),(232,'도두항','제주특별자치도 제주시 도공로 2 (도두일동)',33.507381,126.4665484,'도두항은 용두암 해안도로와 이호테우 사이에 있는 방파제로, 관탈도와 추자도행 낚시 배들이 출항하는 곳으로 유명하다. 제주 국제공항에서 차로 15분 거리에 있고, 발판도 비교적 좋아 낚시꾼들이 즐겨 찾는다. 제주 시내에서 가깝고, 신선한 해산물이 있는 유명 맛집, 낚시점들이 있어 관광객과 현지인 모두 편리하게 이용할 수 있다. 또한, 유람선과 요트 등 해양 레저 시설도 있어 많은 관광객이 찾는 곳이다.',10,'http://tong.visitkorea.or.kr/cms/resource/52/2800152_image2_1.jpg'),(233,'아르떼뮤지엄','제주특별자치도 제주시 애월읍 어림비로 478',33.396692,126.3450241,'국내최대몰입형 미디어아트전시관 아르떼뮤지엄 아르떼뮤지엄은 코엑스\'WAVE\'작품으로 유명한 세계 수준의 디지털 디자인 컴퍼니 d\'strict가 선보이는 국내 최대 규모의 몰입형 미디어아트 전시관이다. 스피커 제조 공장으로 시용되던 바닥 면적 1,400평, 최대 10M에 육박하는 웅장한 공간에서는 빛과 소리가 만들어 낸 10개의 다채로운 미디어아트 전시가 펼쳐진다.',10,'http://tong.visitkorea.or.kr/cms/resource/12/2717312_image2_1.jpg'),(234,'노형슈퍼마켓','제주특별자치도 제주시 노형로 89',33.464822,126.455353,'노형수퍼마켙은 약 4000㎡(1200여평)의 면적과 최대 높이 20m(6층 건물 높이)의 웅장하고 압도적인 규모의 미디어아트 테마파크이다.\n\'일상과 비일상이 공존하는 공간 속에서 자신만의 아이덴티티를 발견하는 여정\'이라는 스토리라인으로, 내부는 \'노형수퍼마켙 프리쇼\', \'베롱베롱\', \'뭉테구름\', \'와랑와랑\', \'곱을락\' 등 미디어아트 영상 공간을 중심으로한 총 5개의 전시 공간으로 구성되어 있다.\n내부 카페인 \'노형다방\'에서는 흑백 컨셉의 다양한 음료 및 디저트를 즐길 수 있으며, 기념품 샵인 \'노형잡화점\'에서는 노형수퍼마켙 고유의 패턴이 들어간 특별한 기념품들을 만나볼 수 있다.',10,'https://postfiles.pstatic.net/MjAyMjA4MDRfMTYx/MDAxNjU5NTQ4ODEwMjc2.q1rflHCsXkvUuF7QgS799efmU-euw1GEsa2SADicDpQg.Ix9N_GM2KfD6HpoiZ1Cp7v-L-pcE0WG3rWEoxQYuRHkg.JPEG.ph2978/%EB%85%B8%ED%98%95.jpg?type=w966'),(235,'하귀애월해안도로','제주 제주시 애월읍 고내리 445-3',33.478138,126.3686619,'제주 공항에서 불과 10km 정도 달리다 보면 제주를 좀 안다는 이들 사이에서 아름답기로 소문난 하귀애월 해안도로를 만날 수 있다. 하귀리 가문동 포구에서 시작된 해안도로는 바다를 따라 펼쳐진 오션뷰 카페와 펜션을 지나 쭉 이어진다. 이 도로는 또한, 제주 올레길 16코스가 지나는 곳이자 자전거 라이딩과 트레킹의 명소로도 유명하다. 가는 길목마다 구엄포구, 남도리쉼터, 신엄리 방파제, 고내포구, 다락 쉼터, 큰바위 얼굴 등 해안 명소들이 많아 중간중간 내려 아름다운 풍경을 감상하는 것도 좋다.',10,'http://tong.visitkorea.or.kr/cms/resource/42/2800542_image2_1.jpg'),(236,'제주 올레길 순례자의 교회','제주특별자치도 제주시 한경면 일주서로 3960-24',33.31980283,126.1805372,'제주 올레길 13코스에 위치한 교회로 세상에서 가장 작은 교회라고 알려져 있다. 예배 시간이 정해지지 않고 방문객을 맞이하는 시설도 없이 조용한 명상과 묵상을 할 수 있게 마련된 예배당이다. 교회 탑에 \'길 위에서 묻다\'라는 문구가 방문객들에게 많은 질문을 던진다. 종교에 상관없이 길 위에서 이곳을 지나는 모든 사람들에게 열린 공간으로 홀로 조용히 지나온 길들을 돌아볼 기회를 선사해준다. 넓은 한경면 일대 전원 풍경에 자그마한 교회의 이국적인 모습이 조화를 이룬다. 입장료도, 운영시간도 따로 없어 부담 없이 지나가다 둘러보기 좋다.',10,'https://tong.visitkorea.or.kr/cms/resource/27/2796227_image2_1.jpg'),(237,'검성지','경상북도 구미시 황상동 80',36.11561761,128.4362447,'경북 구미는 우리나라 대표적인 공업도시 중 하나다. 그러나 공업도시의 강한 이미지와 달리 자연 경관이 좋은 생태공원이 도시 곳곳에 아주 잘 조성되어 있다. 그중의 한 곳이 바로 검성지생태공원이다. 그림 같은 풍경을 눈에 담으며 가볍게 산책을 즐길 수 있고 시원한 바람을 느끼면서 운동도 할 수 있어 이곳에 가면 몸도 마음도 상쾌한 기분이 든다.\n검성지생태공원은 구미시 황상동 주공아파트 근처에 조성되어 있는 공원이다. 2010년에서 2016년까지 7년에 걸쳐 조성된 검성지생태공원은 시민들에게 쾌적한 휴식공간 제공과 함께 순환데크로드, 쉼터, 야외공연장, 야생초화원, 체력단련시설, 전통 정자, 관찰데크, 주차장, 화장실 등으로 구성되어 있다.\n검성지생태공원은 특히 산책하기 좋은 데크길이 잘 조성되어 있어 아이들은 물론 나이가 지긋한 어른들도 편하게 한 바퀴 둘러보면서 산책하기 아주 그만이다. 푸른 하늘과 녹음이 우거진 숲 그리고 물 위에 떠 있는 전통 정자의 모습까지 한 폭의 그림을 연상시키는 듯 아름다워 풍경을 그냥 바라보기만 해도 힐링이 된다.\n검성지생태공원 한 가운데에는 수변 정자가 멋스럽게 자리잡고 있다. 밤이 되면 정자에 등이 켜져 제법 운치 있는 분위기를 자아낸다. 검성지저수지를 중심으로 조성되어 있는 검성지생태공원은 규모는 작지만 조용하게 머물며 수변 산책로를 따라 산책을 즐기고 아름다운 수변 풍경을 감상할 수 있어 구미의 힐링 명소로 손색이 없다.',4,'https://i7d110.p.ssafy.io/api/image/download/검성지.jpg'),(238,'상우킹 자취방','경상북도 구미시 진평동',36.101672,128.419309,'삼성 청년 SW 아카데미 구미캠퍼스 상우킹 팀장의 집이다.\n파스타를 기가 막히게 끓이는 것으로 유명하다.\n#구미파스타맛집 #교육생환영 #컨님은사절 #코치님도사절',4,'https://i7d110.p.ssafy.io/api/image/download/구미파스타맛집.jpg');
/*!40000 ALTER TABLE `trip_places` ENABLE KEYS */;
UNLOCK TABLES;

--
-- Table structure for table `trip_stamps`
--

DROP TABLE IF EXISTS `trip_stamps`;
/*!40101 SET @saved_cs_client     = @@character_set_client */;
/*!40101 SET character_set_client = utf8 */;
CREATE TABLE `trip_stamps` (
  `trip_stamps_seq` int(11) NOT NULL AUTO_INCREMENT,
  `trip_seq` int(11) NOT NULL,
  `trip_days_seq` int(11) NOT NULL,
  `trip_places_seq` int(11) NOT NULL,
  `image_url` text COLLATE utf8mb4_unicode_ci DEFAULT NULL,
  `place_satisfaction_YN` varchar(1) COLLATE utf8mb4_unicode_ci DEFAULT NULL,
  PRIMARY KEY (`trip_stamps_seq`),
  KEY `trip_days_seq` (`trip_days_seq`),
  KEY `trip_seq` (`trip_seq`),
  CONSTRAINT `trip_stamps_ibfk_1` FOREIGN KEY (`trip_days_seq`) REFERENCES `trip_days` (`trip_days_seq`),
  CONSTRAINT `trip_stamps_ibfk_2` FOREIGN KEY (`trip_seq`) REFERENCES `trips` (`trips_seq`)
) ENGINE=InnoDB AUTO_INCREMENT=38 DEFAULT CHARSET=utf8mb4 COLLATE=utf8mb4_unicode_ci;
/*!40101 SET character_set_client = @saved_cs_client */;

--
-- Dumping data for table `trip_stamps`
--

LOCK TABLES `trip_stamps` WRITE;
/*!40000 ALTER TABLE `trip_stamps` DISABLE KEYS */;
INSERT INTO `trip_stamps` VALUES (1,1,1,1,'http://i7d110.p.ssafy.io/image/download/temp_file_20220811_180954.jpg','Y'),(2,2,2,6,'https://i7d110.p.ssafy.io/api/image/download/temp_file_20220811_233909.jpg','Y'),(3,2,3,11,'https://i7d110.p.ssafy.io/api/image/download/temp_file_20220811_233944.jpg','Y'),(4,2,4,8,'https://i7d110.p.ssafy.io/api/image/download/temp_file_20220811_234032.jpg','Y'),(5,2,4,16,'https://i7d110.p.ssafy.io/api/image/download/temp_file_20220811_234655.jpg','Y'),(6,3,5,95,'https://i7d110.p.ssafy.io/api/image/download/temp_file_20220811_234834.jpg','Y'),(7,4,6,4,'https://i7d110.p.ssafy.io/api/image/download/temp_file_20220811_235138.jpg','Y'),(8,5,7,221,'https://i7d110.p.ssafy.io/api/image/download/temp_file_20220811_235300.jpg','Y'),(9,6,8,28,'https://i7d110.p.ssafy.io/api/image/download/temp_file_20220811_235359.jpg','Y'),(10,7,9,2,'https://i7d110.p.ssafy.io/api/image/download/temp_file_20220811_235539.jpg','Y'),(11,8,10,37,'https://i7d110.p.ssafy.io/api/image/download/temp_file_20220811_235644.jpg','Y'),(12,9,11,236,'https://i7d110.p.ssafy.io/api/image/download/temp_file_20220811_235828.jpg','Y'),(13,10,12,172,'https://i7d110.p.ssafy.io/api/image/download/temp_file_20220812_000012.jpg','Y'),(14,11,13,3,'https://i7d110.p.ssafy.io/api/image/download/temp_file_20220812_000100.jpg','Y'),(15,12,14,5,'https://i7d110.p.ssafy.io/api/image/download/temp_file_20220812_000500.jpg','Y'),(16,13,15,173,'https://i7d110.p.ssafy.io/api/image/download/temp_file_20220812_000558.jpg','Y'),(17,14,16,16,'https://i7d110.p.ssafy.io/api/image/download/temp_file_20220812_001201.jpg','Y'),(18,15,17,172,'https://i7d110.p.ssafy.io/api/image/download/temp_file_20220812_002413.jpg','Y'),(19,16,18,115,'https://i7d110.p.ssafy.io/api/image/download/temp_file_20220812_002500.jpg','Y'),(20,16,19,109,'https://i7d110.p.ssafy.io/api/image/download/temp_file_20220812_002508.jpg','N'),(21,16,20,115,'https://i7d110.p.ssafy.io/api/image/download/temp_file_20220812_002520.jpg','Y'),(22,17,21,172,'https://i7d110.p.ssafy.io/api/image/download/temp_file_20220812_000012.jpg','Y'),(24,19,23,172,'https://i7d110.p.ssafy.io/api/image/download/temp_file_20220812_000012.jpg','Y'),(25,20,24,172,'https://i7d110.p.ssafy.io/api/image/download/temp_file_20220812_000012.jpg','Y'),(26,21,25,172,'https://i7d110.p.ssafy.io/api/image/download/temp_file_20220812_000012.jpg','Y'),(27,22,26,172,'https://i7d110.p.ssafy.io/api/image/download/temp_file_20220812_000012.jpg','Y'),(28,23,27,172,'https://i7d110.p.ssafy.io/api/image/download/temp_file_20220812_000012.jpg','Y'),(29,24,28,172,'https://i7d110.p.ssafy.io/api/image/download/temp_file_20220812_000012.jpg','Y'),(31,26,30,172,'https://i7d110.p.ssafy.io/api/image/download/temp_file_20220812_000012.jpg','Y'),(32,27,31,25,'https://i7d110.p.ssafy.io/api/image/download/temp_file_20220813_001920.jpg','Y'),(33,28,32,237,'https://i7d110.p.ssafy.io/api/image/download/temp_file_20220815_180043.jpg','Y'),(36,31,35,238,'https://i7d110.p.ssafy.io/api/image/download/temp_file_20220818_135914.jpg','Y'),(37,32,36,238,'https://i7d110.p.ssafy.io/api/image/download/temp_file_20220818_142316.jpg','Y');
/*!40000 ALTER TABLE `trip_stamps` ENABLE KEYS */;
UNLOCK TABLES;

--
-- Table structure for table `trips`
--

DROP TABLE IF EXISTS `trips`;
/*!40101 SET @saved_cs_client     = @@character_set_client */;
/*!40101 SET character_set_client = utf8 */;
CREATE TABLE `trips` (
  `trips_seq` int(11) NOT NULL AUTO_INCREMENT,
  `users_seq` int(11) NOT NULL,
  `trip_comment` text COLLATE utf8mb4_unicode_ci DEFAULT NULL,
  `trip_expenses` tinytext COLLATE utf8mb4_unicode_ci DEFAULT '',
  `trip_rating` int(11) DEFAULT NULL,
  PRIMARY KEY (`trips_seq`),
  KEY `users_seq` (`users_seq`),
  CONSTRAINT `trips_ibfk_1` FOREIGN KEY (`users_seq`) REFERENCES `users` (`users_seq`)
) ENGINE=InnoDB AUTO_INCREMENT=33 DEFAULT CHARSET=utf8mb4 COLLATE=utf8mb4_unicode_ci;
/*!40101 SET character_set_client = @saved_cs_client */;

--
-- Dumping data for table `trips`
--

LOCK TABLES `trips` WRITE;
/*!40000 ALTER TABLE `trips` DISABLE KEYS */;
INSERT INTO `trips` VALUES (1,5,'테스','',5),(2,5,'재밌었습니다~','[{\"expenses_name\" : \"공원\", \"expenses\" : \"5000\"}]',5),(3,5,'이뻐요','',5),(4,5,'진짜 이쁨','',5),(5,5,'바다 힐링','',5),(6,2,'이쁜듯','',5),(7,2,'낮에오면 더 이쁠것 같은 느낌?','[{\"expenses_name\" : \"입장료\", \"expenses\" : \"20000\"}]',5),(8,2,'굳굳','',5),(9,2,'좋아요','',5),(10,1,'관광','',5),(11,1,'이쁘네요!','',5),(12,1,'이뻐요','',5),(13,5,'서산 여행','',5),(14,5,'오랜만에 도서관 방문','',5),(15,5,'t','',5),(16,5,'g','',5),(17,2,'내용1','',5),(18,2,'내용2','',5),(19,2,'내용3','',5),(20,2,'내용4','',5),(21,2,'내용5','',5),(22,2,'내용6','',5),(23,2,'내용7','',5),(24,2,'내용8','',5),(25,2,'내용9','',5),(26,2,'내용10','',5),(27,5,'김포도 이쁘다','[{\"expenses_name\" : \"버스비\", \"expenses\" : \"50000\"}]',5),(28,5,'상우 기한 주은 주영 호승 모두 수고했다~','[{\"expenses_name\" : \"택시\", \"expenses\" : \"5000\"}]',5),(31,2,'맛있다','[{\"expenses_name\" : \"라면\", \"expenses\" : \"1000\"}]',4),(32,2,'여행 쟈밌다','[{\"expenses_name\" : \"라면\", \"expenses\" : \"1000\"}]',4);
/*!40000 ALTER TABLE `trips` ENABLE KEYS */;
UNLOCK TABLES;

--
-- Table structure for table `user_achievements`
--

DROP TABLE IF EXISTS `user_achievements`;
/*!40101 SET @saved_cs_client     = @@character_set_client */;
/*!40101 SET character_set_client = utf8 */;
CREATE TABLE `user_achievements` (
  `user_achievements_seq` int(11) NOT NULL AUTO_INCREMENT,
  `users_seq` int(11) NOT NULL,
  `region_seq` tinyint(4) NOT NULL,
  `count` int(11) DEFAULT 0,
  PRIMARY KEY (`user_achievements_seq`),
  KEY `users_seq` (`users_seq`),
  KEY `region_seq` (`region_seq`),
  CONSTRAINT `user_achievements_ibfk_1` FOREIGN KEY (`users_seq`) REFERENCES `users` (`users_seq`),
  CONSTRAINT `user_achievements_ibfk_2` FOREIGN KEY (`region_seq`) REFERENCES `region_tags` (`region_seq`)
) ENGINE=InnoDB AUTO_INCREMENT=251 DEFAULT CHARSET=utf8mb4 COLLATE=utf8mb4_unicode_ci;
/*!40101 SET character_set_client = @saved_cs_client */;

--
-- Dumping data for table `user_achievements`
--

LOCK TABLES `user_achievements` WRITE;
/*!40000 ALTER TABLE `user_achievements` DISABLE KEYS */;
INSERT INTO `user_achievements` VALUES (1,7,1,0),(2,7,2,0),(3,7,3,0),(4,7,4,0),(5,7,5,0),(6,7,6,0),(7,7,7,0),(8,7,8,0),(9,7,9,0),(10,7,10,0),(11,1,1,0),(12,1,2,0),(13,1,3,0),(14,1,4,0),(15,1,5,0),(16,1,6,0),(17,1,7,0),(18,1,8,0),(19,1,9,0),(20,1,10,0),(21,2,1,0),(22,2,2,0),(23,2,3,0),(24,2,4,2),(25,2,5,0),(26,2,6,0),(27,2,7,0),(28,2,8,0),(29,2,9,0),(30,2,10,0),(31,3,1,0),(32,3,2,0),(33,3,3,0),(34,3,4,0),(35,3,5,0),(36,3,6,0),(37,3,7,0),(38,3,8,0),(39,3,9,0),(40,3,10,0),(41,4,1,0),(42,4,2,0),(43,4,3,0),(44,4,4,0),(45,4,5,0),(46,4,6,0),(47,4,7,0),(48,4,8,0),(49,4,9,0),(50,4,10,0),(51,5,1,3),(52,5,2,10),(53,5,3,1),(54,5,4,5),(55,5,5,1),(56,5,6,1),(57,5,7,1),(58,5,8,1),(59,5,9,1),(60,5,10,10),(61,6,1,0),(62,6,2,0),(63,6,3,0),(64,6,4,0),(65,6,5,0),(66,6,6,0),(67,6,7,0),(68,6,8,0),(69,6,9,0),(70,6,10,0),(71,8,1,0),(72,8,2,0),(73,8,3,0),(74,8,4,0),(75,8,5,0),(76,8,6,0),(77,8,7,0),(78,8,8,0),(79,8,9,0),(80,8,10,0),(81,9,1,0),(82,9,2,0),(83,9,3,0),(84,9,4,0),(85,9,5,0),(86,9,6,0),(87,9,7,0),(88,9,8,0),(89,9,9,0),(90,9,10,0);
/*!40000 ALTER TABLE `user_achievements` ENABLE KEYS */;
UNLOCK TABLES;

--
-- Table structure for table `user_favor`
--

DROP TABLE IF EXISTS `user_favor`;
/*!40101 SET @saved_cs_client     = @@character_set_client */;
/*!40101 SET character_set_client = utf8 */;
CREATE TABLE `user_favor` (
  `users_seq` int(11) NOT NULL,
  `score` smallint(6) DEFAULT 0,
  `tag_seq` int(11) NOT NULL,
  KEY `users_seq` (`users_seq`),
  CONSTRAINT `user_favor_ibfk_1` FOREIGN KEY (`users_seq`) REFERENCES `users` (`users_seq`)
) ENGINE=InnoDB DEFAULT CHARSET=utf8mb4 COLLATE=utf8mb4_unicode_ci;
/*!40101 SET character_set_client = @saved_cs_client */;

--
-- Dumping data for table `user_favor`
--

LOCK TABLES `user_favor` WRITE;
/*!40000 ALTER TABLE `user_favor` DISABLE KEYS */;
INSERT INTO `user_favor` VALUES (2,14,1),(2,12,2),(2,12,3),(2,10,4),(2,16,5),(2,14,6),(2,14,7),(2,14,8),(2,14,9),(2,12,10),(2,12,11),(2,12,12),(2,10,13),(2,10,14),(1,12,1),(1,10,2),(1,14,3),(1,10,4),(1,18,5),(1,16,6),(1,12,7),(1,16,8),(1,14,9),(1,10,10),(1,14,11),(1,10,12),(1,10,13),(1,10,14),(9,12,1),(9,12,2),(9,12,3),(9,10,4),(9,18,5),(9,16,6),(9,12,7),(9,16,8),(9,14,9),(9,10,10),(9,14,11),(9,12,12),(9,10,13),(9,10,14),(5,14,1),(5,12,2),(5,12,3),(5,10,4),(5,16,5),(5,14,6),(5,14,7),(5,14,8),(5,14,9),(5,12,10),(5,12,11),(5,12,12),(5,10,13),(5,10,14),(4,14,1),(4,14,2),(4,14,3),(4,12,4),(4,12,5),(4,14,6),(4,18,7),(4,16,8),(4,10,9),(4,12,10),(4,12,11),(4,10,12),(4,10,13),(4,10,14);
/*!40000 ALTER TABLE `user_favor` ENABLE KEYS */;
UNLOCK TABLES;

--
-- Table structure for table `users`
--

DROP TABLE IF EXISTS `users`;
/*!40101 SET @saved_cs_client     = @@character_set_client */;
/*!40101 SET character_set_client = utf8 */;
CREATE TABLE `users` (
  `users_seq` int(11) NOT NULL AUTO_INCREMENT,
  `user_email` varchar(50) CHARACTER SET utf8 DEFAULT NULL,
  `password` varchar(512) CHARACTER SET utf8 DEFAULT NULL,
  `nickname` varchar(50) CHARACTER SET utf8 DEFAULT NULL,
  `del_yn` varchar(1) COLLATE utf8mb4_unicode_ci DEFAULT 'n',
  `email_verified_yn` varchar(1) COLLATE utf8mb4_unicode_ci DEFAULT 'n',
  `password_reset_yn` varchar(1) COLLATE utf8mb4_unicode_ci DEFAULT 'y',
  `suspended_yn` varchar(1) COLLATE utf8mb4_unicode_ci DEFAULT 'n',
  `profile_image_link` text COLLATE utf8mb4_unicode_ci DEFAULT '',
  `reported_count` int(11) DEFAULT 0,
  `created_at` varchar(50) CHARACTER SET utf8 DEFAULT NULL,
  `fcm_token` varchar(512) CHARACTER SET utf8 DEFAULT NULL,
  `suspended_expiry` datetime DEFAULT NULL,
  `auth_type` varchar(10) COLLATE utf8mb4_unicode_ci DEFAULT NULL,
  PRIMARY KEY (`users_seq`),
  UNIQUE KEY `user_email` (`user_email`),
  UNIQUE KEY `nickname` (`nickname`)
) ENGINE=InnoDB AUTO_INCREMENT=42 DEFAULT CHARSET=utf8mb4 COLLATE=utf8mb4_unicode_ci;
/*!40101 SET character_set_client = @saved_cs_client */;

--
-- Dumping data for table `users`
--

LOCK TABLES `users` WRITE;
/*!40000 ALTER TABLE `users` DISABLE KEYS */;
INSERT INTO `users` VALUES (1,'master@master.com','d404559f602eab6fd602ac7680dacbfaadd13630335e951f097af3900e9de176b6db28512f2e000b9d04fba5133e8b1c6e8df59db3a8ab9d60be4b97cc9e81db','master','n','y','y','n','',0,'22-08-11','e35I2WaiS-S5Xt3VaCwZfk:APA91bGC2QiCD3OU0YYBprodIcu0vbICIKEweW-P4uABrhUqYH8MOiqJk39WQf-u_eTrZaz4VcsfZaJLdPcYpE4D5iumhaDnBD_yphwLncHrSQufpcQxheojMFG9tLlSqz3Ouue2HrMY',NULL,NULL),(2,'ljy1210@ssafy.com','d404559f602eab6fd602ac7680dacbfaadd13630335e951f097af3900e9de176b6db28512f2e000b9d04fba5133e8b1c6e8df59db3a8ab9d60be4b97cc9e81db','고앵이','n','y','y','y','https://i7d110.p.ssafy.io/api/image/download/temp_file_20220811_235456.jpg',0,'22-08-10','fL_ZCaNsQYmmrjs097OKuP:APA91bFltZ2l1Q9eQ_5IQUDaHPz3ay98rLaS51V-frMMTqU-ATyZMhktZuyIcUQ40ekH01CHWJ_g3RbLU4RupcVOtiG5yxnGMq6Vp3wO84yIR25-am3LMnXof-YqDrhXz16Ix4GWdr4N','0022-08-05 00:00:00',NULL),(3,'hsw0715@ssafy.com','3627909a29c31381a071ec27f7c9ca97726182aed29a7ddd2e54353322cfb30abb9e3a6df2ac2c20fe23436311d678564d0c8d305930575f60e2d3d048184d79','hsw','n','y','y','n','http://i7d110.p.ssafy.io/image/download/temp_file_20220802_123114.jpg',0,'22-08-10','22-08-10',NULL,NULL),(4,'seong02219@naver.com','d404559f602eab6fd602ac7680dacbfaadd13630335e951f097af3900e9de176b6db28512f2e000b9d04fba5133e8b1c6e8df59db3a8ab9d60be4b97cc9e81db','블루스크린','n','y','y','n','http://i7d110.p.ssafy.io/image/download/temp_file_20220803_194844.jpg',0,'22-08-10','f946Mu-ZRv2MbQDQl4IBGE:APA91bGEPpBkb6QsS30JMOWfGwQtQ_3dEyRlG2Yhhu2aiEZT0XfAhatF2s8folLqGFomcDxYVNCU5BLrS1pMThlYE8Lx5R4_up2ikYUvtvX0hAuM_3vPnTNEqQcAuDte4NW-iH-3dDH_','0022-08-14 00:00:00',NULL),(5,'hsw0715@naver.com','65469c71c3e1168fba8214bdded873e0c73b0df2fc2c2430fef031ae262eb344f3165fe5c3a4aa8d668505a9da779ca2b69ff6ba18156c0b28027a5f0b7caf79','상우킹','n','y','y','n','https://i7d110.p.ssafy.io/api/image/download/temp_file_20220811_233613.jpg',0,'22-08-10','eIMYjuOVTiye5teYUqiHAh:APA91bFFdFmV66sUEwoKxaVcDU0Jj8Apu_5Jrh1j1y4d5wNZZ9LG8CuGJwa8uC1R_n2w0TJeBj2eQXOn7GXGA6DLo2-QLRkV3gYRq5F0G5nIBQM7ieJV8_ZKfWM12UQ-cemQSO73CcKF',NULL,NULL),(6,'june11128@sookmyung.ac.kr','770b1c15d8c7381addacf8dd0e04b9f4f80e7ef4d6109b3a8effd30d923b9f8069bee7ea6909a6e80baeff798dae8b6ad429d90bb1f967e2df87f19ace94512b','청파동취준생','n','y','y','n','',0,'22-08-10',NULL,NULL,NULL),(7,'seong02219@gmail.com','d404559f602eab6fd602ac7680dacbfaadd13630335e951f097af3900e9de176b6db28512f2e000b9d04fba5133e8b1c6e8df59db3a8ab9d60be4b97cc9e81db','hello','n','y','y','n','',0,'22-08-10',NULL,NULL,NULL),(8,'wndmsdl0920@gmail.com','770b1c15d8c7381addacf8dd0e04b9f4f80e7ef4d6109b3a8effd30d923b9f8069bee7ea6909a6e80baeff798dae8b6ad429d90bb1f967e2df87f19ace94512b','쿼카','n','y','y','n','http://i7d110.p.ssafy.io/image/download/temp_file_20220810_151937.jpg',0,'22-08-10','fCQFXZgoSk62yafTKYGKh7:APA91bGmGTzU4IrLLNn2g2AqyUWajMqCuOK_oXADsEu7S77gLYFkbzUaV2GU4l2PwHwYTmHWBRD5z7tIIzwaN6DpX8LRpYVM-KclhYOSZRzRlJXsGzH5IFG_KQYoLH_52Mn4eZvOtTEQ',NULL,NULL),(9,'gn04080@gmail.com','d404559f602eab6fd602ac7680dacbfaadd13630335e951f097af3900e9de176b6db28512f2e000b9d04fba5133e8b1c6e8df59db3a8ab9d60be4b97cc9e81db','울산피바다','n','y','y','n','',0,'22-08-11','e7IigBjzSBOF6GJN_d4Jw1:APA91bGLxKhdiCW4tCoRiWU1mYmOKvGLGwDTHQ_m-mgNbFnpbK9LzN0jb0vQ_dmweBi4yIkUUi3SXd7hIWjBu2TUhvHPRA_SFNmEPmdjxivaCDO4zV8EoHQbrv53ARv-rPrcxG0yd-vC',NULL,NULL);
/*!40000 ALTER TABLE `users` ENABLE KEYS */;
UNLOCK TABLES;

--
-- Temporary table structure for view `v_users_trips_articles`
--

DROP TABLE IF EXISTS `v_users_trips_articles`;
/*!50001 DROP VIEW IF EXISTS `v_users_trips_articles`*/;
SET @saved_cs_client     = @@character_set_client;
SET character_set_client = utf8;
/*!50001 CREATE TABLE `v_users_trips_articles` (
  `articles_seq` tinyint NOT NULL,
  `trips_seq` tinyint NOT NULL,
  `nickname` tinyint NOT NULL,
  `users_seq` tinyint NOT NULL,
  `profile_image_link` tinyint NOT NULL,
  `created_at` tinyint NOT NULL,
  `thumbnail_url` tinyint NOT NULL,
  `trip_comment` tinyint NOT NULL,
  `title` tinyint NOT NULL,
  `start_date` tinyint NOT NULL,
  `end_date` tinyint NOT NULL,
  `like_count` tinyint NOT NULL,
  `reply_count` tinyint NOT NULL,
  `open_yn` tinyint NOT NULL
) ENGINE=MyISAM */;
SET character_set_client = @saved_cs_client;

--
-- Final view structure for view `tag_region_place`
--

/*!50001 DROP TABLE IF EXISTS `tag_region_place`*/;
/*!50001 DROP VIEW IF EXISTS `tag_region_place`*/;
/*!50001 SET @saved_cs_client          = @@character_set_client */;
/*!50001 SET @saved_cs_results         = @@character_set_results */;
/*!50001 SET @saved_col_connection     = @@collation_connection */;
/*!50001 SET character_set_client      = utf8mb4 */;
/*!50001 SET character_set_results     = utf8mb4 */;
/*!50001 SET collation_connection      = utf8mb4_unicode_ci */;
/*!50001 CREATE ALGORITHM=UNDEFINED */
/*!50013 DEFINER=`d110`@`%` SQL SECURITY DEFINER */
/*!50001 VIEW `tag_region_place` AS select `p`.`trip_places_seq` AS `trip_places_seq`,`p`.`place_name` AS `place_name`,`t`.`place_tag_seq` AS `place_tag_seq`,`p`.`region_seq` AS `region_seq` from (`tag_trip_places` `t` left join `trip_places` `p` on(`t`.`trip_places_seq` = `p`.`trip_places_seq`)) */;
/*!50001 SET character_set_client      = @saved_cs_client */;
/*!50001 SET character_set_results     = @saved_cs_results */;
/*!50001 SET collation_connection      = @saved_col_connection */;

--
-- Final view structure for view `v_users_trips_articles`
--

/*!50001 DROP TABLE IF EXISTS `v_users_trips_articles`*/;
/*!50001 DROP VIEW IF EXISTS `v_users_trips_articles`*/;
/*!50001 SET @saved_cs_client          = @@character_set_client */;
/*!50001 SET @saved_cs_results         = @@character_set_results */;
/*!50001 SET @saved_col_connection     = @@collation_connection */;
/*!50001 SET character_set_client      = utf8mb4 */;
/*!50001 SET character_set_results     = utf8mb4 */;
/*!50001 SET collation_connection      = utf8mb4_unicode_ci */;
/*!50001 CREATE ALGORITHM=UNDEFINED */
/*!50013 DEFINER=`d110`@`%` SQL SECURITY DEFINER */
/*!50001 VIEW `v_users_trips_articles` AS select `a`.`articles_seq` AS `articles_seq`,`t`.`trips_seq` AS `trips_seq`,`u`.`nickname` AS `nickname`,`t`.`users_seq` AS `users_seq`,`u`.`profile_image_link` AS `profile_image_link`,`a`.`created_at` AS `created_at`,`a`.`thumbnail_url` AS `thumbnail_url`,`t`.`trip_comment` AS `trip_comment`,`a`.`title` AS `title`,(select min(`trip_days`.`date`) from `trip_days` where `trip_days`.`trip` = `t`.`trips_seq`) AS `start_date`,(select max(`trip_days`.`date`) from `trip_days` where `trip_days`.`trip` = `t`.`trips_seq`) AS `end_date`,(select count(0) from `likes` where `likes`.`articles_seq` = `a`.`articles_seq`) AS `like_count`,(select count(0) from `replies` where `replies`.`articles_seq` = `a`.`articles_seq`) AS `reply_count`,`a`.`open_yn` AS `open_yn` from ((`articles` `a` left join `trips` `t` on(`t`.`trips_seq` = `a`.`trips_seq`)) left join `users` `u` on(`t`.`users_seq` = `u`.`users_seq`)) */;
/*!50001 SET character_set_client      = @saved_cs_client */;
/*!50001 SET character_set_results     = @saved_cs_results */;
/*!50001 SET collation_connection      = @saved_col_connection */;
/*!40103 SET TIME_ZONE=@OLD_TIME_ZONE */;

/*!40101 SET SQL_MODE=@OLD_SQL_MODE */;
/*!40014 SET FOREIGN_KEY_CHECKS=@OLD_FOREIGN_KEY_CHECKS */;
/*!40014 SET UNIQUE_CHECKS=@OLD_UNIQUE_CHECKS */;
/*!40101 SET CHARACTER_SET_CLIENT=@OLD_CHARACTER_SET_CLIENT */;
/*!40101 SET CHARACTER_SET_RESULTS=@OLD_CHARACTER_SET_RESULTS */;
/*!40101 SET COLLATION_CONNECTION=@OLD_COLLATION_CONNECTION */;
/*!40111 SET SQL_NOTES=@OLD_SQL_NOTES */;

-- Dump completed on 2022-08-18 23:59:10
